"Leipzig"$"4035206-7"$"Deutsche Nationalbibliothek Leipzig, Deutsches Buch- und Schriftmuseum"$"2008945-4"$"Bö-Bl/HS/1"
"Leipzig"$"4035206-7"$"Deutsche Nationalbibliothek Leipzig, Deutsches Buch- und Schriftmuseum"$"2008945-4"$"Bö-Bl/HS/2"
"Leipzig"$"4035206-7"$"Deutsche Nationalbibliothek Leipzig, Deutsches Buch- und Schriftmuseum"$"2008945-4"$"Bö-Bl/HS/3"
"Leipzig"$"4035206-7"$"Deutsche Nationalbibliothek Leipzig, Deutsches Buch- und Schriftmuseum"$"2008945-4"$"Bö-Bl/HS/4"
"Leipzig"$"4035206-7"$"Deutsche Nationalbibliothek Leipzig, Deutsches Buch- und Schriftmuseum"$"2008945-4"$"Bö-Bl/HS/5"
"Leipzig"$"4035206-7"$"Deutsche Nationalbibliothek Leipzig, Deutsches Buch- und Schriftmuseum"$"2008945-4"$"Bö-Bl/HS/6"
"Leipzig"$"4035206-7"$"Deutsche Nationalbibliothek Leipzig, Deutsches Buch- und Schriftmuseum"$"2008945-4"$"Bö-Bl/HS/7"
"Leipzig"$"4035206-7"$"Deutsche Nationalbibliothek Leipzig, Deutsches Buch- und Schriftmuseum"$"2008945-4"$"Bö-Bl/HS/8"
"Leipzig"$"4035206-7"$"Deutsche Nationalbibliothek Leipzig, Deutsches Buch- und Schriftmuseum"$"2008945-4"$"Bö-Bl/HS/9"
"Leipzig"$"4035206-7"$"Deutsche Nationalbibliothek Leipzig, Deutsches Buch- und Schriftmuseum"$"2008945-4"$"Bö-Bl/HS/10"
"Leipzig"$"4035206-7"$"Deutsche Nationalbibliothek Leipzig, Deutsches Buch- und Schriftmuseum"$"2008945-4"$"Bö-Bl/HS/11"
"Leipzig"$"4035206-7"$"Deutsche Nationalbibliothek Leipzig, Deutsches Buch- und Schriftmuseum"$"2008945-4"$"Bö-Bl/HS/12"
"Leipzig"$"4035206-7"$"Deutsche Nationalbibliothek Leipzig, Deutsches Buch- und Schriftmuseum"$"2008945-4"$"Bö-Bl/HS/13"
"Leipzig"$"4035206-7"$"Deutsche Nationalbibliothek Leipzig, Deutsches Buch- und Schriftmuseum"$"2008945-4"$"Bö-Bl/Min/1"
"Leipzig"$"4035206-7"$"Deutsche Nationalbibliothek Leipzig, Deutsches Buch- und Schriftmuseum"$"2008945-4"$"Bö-Bl/Min/2"
"Leipzig"$"4035206-7"$"Deutsche Nationalbibliothek Leipzig, Deutsches Buch- und Schriftmuseum"$"2008945-4"$"Bö-Bl/Min/3"
"Leipzig"$"4035206-7"$"Deutsche Nationalbibliothek Leipzig, Deutsches Buch- und Schriftmuseum"$"2008945-4"$"Bö-Bl/Min/4"
"Leipzig"$"4035206-7"$"Deutsche Nationalbibliothek Leipzig, Deutsches Buch- und Schriftmuseum"$"2008945-4"$"Bö-Bl/Min/5"
"Leipzig"$"4035206-7"$"Deutsche Nationalbibliothek Leipzig, Deutsches Buch- und Schriftmuseum"$"2008945-4"$"Bö-Bl/Min/6"
"Leipzig"$"4035206-7"$"Deutsche Nationalbibliothek Leipzig, Deutsches Buch- und Schriftmuseum"$"2008945-4"$"Bö-Bl/Min/7"
"Leipzig"$"4035206-7"$"Deutsche Nationalbibliothek Leipzig, Deutsches Buch- und Schriftmuseum"$"2008945-4"$"Bö-Bl/Min/8"
"Leipzig"$"4035206-7"$"Deutsche Nationalbibliothek Leipzig, Deutsches Buch- und Schriftmuseum"$"2008945-4"$"Bö-Bl/Min/9"
"Leipzig"$"4035206-7"$"Deutsche Nationalbibliothek Leipzig, Deutsches Buch- und Schriftmuseum"$"2008945-4"$"Bö-Bl/Min/10"
"Leipzig"$"4035206-7"$"Deutsche Nationalbibliothek Leipzig, Deutsches Buch- und Schriftmuseum"$"2008945-4"$"Bö-Bl/Min/11"
"Leipzig"$"4035206-7"$"Deutsche Nationalbibliothek Leipzig, Deutsches Buch- und Schriftmuseum"$"2008945-4"$"Bö-Bl/Min/12"
"Leipzig"$"4035206-7"$"Deutsche Nationalbibliothek Leipzig, Deutsches Buch- und Schriftmuseum"$"2008945-4"$"Bö-Bl/Min/13"
"Leipzig"$"4035206-7"$"Deutsche Nationalbibliothek Leipzig, Deutsches Buch- und Schriftmuseum"$"2008945-4"$"Bö-Bl/Min/14"
"Leipzig"$"4035206-7"$"Deutsche Nationalbibliothek Leipzig, Deutsches Buch- und Schriftmuseum"$"2008945-4"$"Bö-Bl/Min/15"
"Leipzig"$"4035206-7"$"Deutsche Nationalbibliothek Leipzig, Deutsches Buch- und Schriftmuseum"$"2008945-4"$"Bö-Bl/Min/16"
"Leipzig"$"4035206-7"$"Deutsche Nationalbibliothek Leipzig, Deutsches Buch- und Schriftmuseum"$"2008945-4"$"Bö-Bl/Min/17"
"Leipzig"$"4035206-7"$"Deutsche Nationalbibliothek Leipzig, Deutsches Buch- und Schriftmuseum"$"2008945-4"$"Bö-Bl/Min/18"
"Leipzig"$"4035206-7"$"Deutsche Nationalbibliothek Leipzig, Deutsches Buch- und Schriftmuseum"$"2008945-4"$"Bö-Bl/Min/19"
"Leipzig"$"4035206-7"$"Deutsche Nationalbibliothek Leipzig, Deutsches Buch- und Schriftmuseum"$"2008945-4"$"Bö-Bl/Min/20"
"Leipzig"$"4035206-7"$"Deutsche Nationalbibliothek Leipzig, Deutsches Buch- und Schriftmuseum"$"2008945-4"$"Bö-Bl/Min/21"
"Leipzig"$"4035206-7"$"Deutsche Nationalbibliothek Leipzig, Deutsches Buch- und Schriftmuseum"$"2008945-4"$"Bö-Bl/Min/22"
"Leipzig"$"4035206-7"$"Deutsche Nationalbibliothek Leipzig, Deutsches Buch- und Schriftmuseum"$"2008945-4"$"Bö-Bl/Min/23"
"Leipzig"$"4035206-7"$"Deutsche Nationalbibliothek Leipzig, Deutsches Buch- und Schriftmuseum"$"2008945-4"$"Bö-Bl/Min/24"
"Leipzig"$"4035206-7"$"Deutsche Nationalbibliothek Leipzig, Deutsches Buch- und Schriftmuseum"$"2008945-4"$"Bö-Bl/Min/25"
"Leipzig"$"4035206-7"$"Deutsche Nationalbibliothek Leipzig, Deutsches Buch- und Schriftmuseum"$"2008945-4"$"Bö-Bl/Min/26"
"Leipzig"$"4035206-7"$"Deutsche Nationalbibliothek Leipzig, Deutsches Buch- und Schriftmuseum"$"2008945-4"$"Bö-Bl/Min/27"
"Leipzig"$"4035206-7"$"Deutsche Nationalbibliothek Leipzig, Deutsches Buch- und Schriftmuseum"$"2008945-4"$"Bö-Bl/Min/28"
"Leipzig"$"4035206-7"$"Deutsche Nationalbibliothek Leipzig, Deutsches Buch- und Schriftmuseum"$"2008945-4"$"Bö-Bl/Min/29"
"Leipzig"$"4035206-7"$"Deutsche Nationalbibliothek Leipzig, Deutsches Buch- und Schriftmuseum"$"2008945-4"$"Bö-Bl/Min/30"
"Leipzig"$"4035206-7"$"Deutsche Nationalbibliothek Leipzig, Deutsches Buch- und Schriftmuseum"$"2008945-4"$"Bö-Bl/Min/31"
"Leipzig"$"4035206-7"$"Deutsche Nationalbibliothek Leipzig, Deutsches Buch- und Schriftmuseum"$"2008945-4"$"Bö-Bl/Min/32"
"Leipzig"$"4035206-7"$"Deutsche Nationalbibliothek Leipzig, Deutsches Buch- und Schriftmuseum"$"2008945-4"$"Bö-Bl/Min/33"
"Leipzig"$"4035206-7"$"Deutsche Nationalbibliothek Leipzig, Deutsches Buch- und Schriftmuseum"$"2008945-4"$"Bö-Bl/Min/34"
"Leipzig"$"4035206-7"$"Deutsche Nationalbibliothek Leipzig, Deutsches Buch- und Schriftmuseum"$"2008945-4"$"Bö-Bl/Min/35"
"Leipzig"$"4035206-7"$"Deutsche Nationalbibliothek Leipzig, Deutsches Buch- und Schriftmuseum"$"2008945-4"$"Bö-Bl/Min/36"
"Leipzig"$"4035206-7"$"Deutsche Nationalbibliothek Leipzig, Deutsches Buch- und Schriftmuseum"$"2008945-4"$"Bö-Bl/Min/37"
"Leipzig"$"4035206-7"$"Deutsche Nationalbibliothek Leipzig, Deutsches Buch- und Schriftmuseum"$"2008945-4"$"Bö-Bl/Min/38"
"Leipzig"$"4035206-7"$"Deutsche Nationalbibliothek Leipzig, Deutsches Buch- und Schriftmuseum"$"2008945-4"$"Bö-Bl/Min/39"
"Leipzig"$"4035206-7"$"Deutsche Nationalbibliothek Leipzig, Deutsches Buch- und Schriftmuseum"$"2008945-4"$"Bö-Bl/Min/40"
"Leipzig"$"4035206-7"$"Deutsche Nationalbibliothek Leipzig, Deutsches Buch- und Schriftmuseum"$"2008945-4"$"Bö-Bl/Min/41"
"Leipzig"$"4035206-7"$"Deutsche Nationalbibliothek Leipzig, Deutsches Buch- und Schriftmuseum"$"2008945-4"$"Bö-Bl/Min/42"
"Leipzig"$"4035206-7"$"Deutsche Nationalbibliothek Leipzig, Deutsches Buch- und Schriftmuseum"$"2008945-4"$"Bö-Bl/Min/43"
"Leipzig"$"4035206-7"$"Deutsche Nationalbibliothek Leipzig, Deutsches Buch- und Schriftmuseum"$"2008945-4"$"Bö-Bl/Min/44"
"Leipzig"$"4035206-7"$"Deutsche Nationalbibliothek Leipzig, Deutsches Buch- und Schriftmuseum"$"2008945-4"$"Bö-Bl/Min/45"
"Leipzig"$"4035206-7"$"Deutsche Nationalbibliothek Leipzig, Deutsches Buch- und Schriftmuseum"$"2008945-4"$"Bö-Bl/Min/46"
"Leipzig"$"4035206-7"$"Deutsche Nationalbibliothek Leipzig, Deutsches Buch- und Schriftmuseum"$"2008945-4"$"Bö-Bl/Min/47"
"Leipzig"$"4035206-7"$"Deutsche Nationalbibliothek Leipzig, Deutsches Buch- und Schriftmuseum"$"2008945-4"$"Bö-Bl/Min/48"
"Leipzig"$"4035206-7"$"Deutsche Nationalbibliothek Leipzig, Deutsches Buch- und Schriftmuseum"$"2008945-4"$"Bö-Bl/Min/49"
"Leipzig"$"4035206-7"$"Deutsche Nationalbibliothek Leipzig, Deutsches Buch- und Schriftmuseum"$"2008945-4"$"Bö-Bl/Min/50"
"Leipzig"$"4035206-7"$"Deutsche Nationalbibliothek Leipzig, Deutsches Buch- und Schriftmuseum"$"2008945-4"$"Bö-Bl/Min/51"
"Leipzig"$"4035206-7"$"Deutsche Nationalbibliothek Leipzig, Deutsches Buch- und Schriftmuseum"$"2008945-4"$"Bö-Bl/Min/52"
"Leipzig"$"4035206-7"$"Deutsche Nationalbibliothek Leipzig, Deutsches Buch- und Schriftmuseum"$"2008945-4"$"Bö-Bl/Min/53"
"Leipzig"$"4035206-7"$"Deutsche Nationalbibliothek Leipzig, Deutsches Buch- und Schriftmuseum"$"2008945-4"$"Bö-Bl/Min/54"
"Leipzig"$"4035206-7"$"Deutsche Nationalbibliothek Leipzig, Deutsches Buch- und Schriftmuseum"$"2008945-4"$"Bö-Bl/Min/55"
"Leipzig"$"4035206-7"$"Deutsche Nationalbibliothek Leipzig, Deutsches Buch- und Schriftmuseum"$"2008945-4"$"Bö-Bl/Min/56"
"Leipzig"$"4035206-7"$"Deutsche Nationalbibliothek Leipzig, Deutsches Buch- und Schriftmuseum"$"2008945-4"$"Bö-Bl/Min/57"
"Leipzig"$"4035206-7"$"Deutsche Nationalbibliothek Leipzig, Deutsches Buch- und Schriftmuseum"$"2008945-4"$"Bö-Bl/Min/58"
"Leipzig"$"4035206-7"$"Deutsche Nationalbibliothek Leipzig, Deutsches Buch- und Schriftmuseum"$"2008945-4"$"Bö-Bl/Min/59"
"Leipzig"$"4035206-7"$"Deutsche Nationalbibliothek Leipzig, Deutsches Buch- und Schriftmuseum"$"2008945-4"$"Bö-Bl/Min/60"
"Leipzig"$"4035206-7"$"Deutsche Nationalbibliothek Leipzig, Deutsches Buch- und Schriftmuseum"$"2008945-4"$"Bö-Bl/Min/61"
"Leipzig"$"4035206-7"$"Deutsche Nationalbibliothek Leipzig, Deutsches Buch- und Schriftmuseum"$"2008945-4"$"Bö-Bl/Min/62"
"Leipzig"$"4035206-7"$"Deutsche Nationalbibliothek Leipzig, Deutsches Buch- und Schriftmuseum"$"2008945-4"$"Bö-Bl/Min/63"
"Leipzig"$"4035206-7"$"Deutsche Nationalbibliothek Leipzig, Deutsches Buch- und Schriftmuseum"$"2008945-4"$"Bö-Bl/Min/64"
"Leipzig"$"4035206-7"$"Deutsche Nationalbibliothek Leipzig, Deutsches Buch- und Schriftmuseum"$"2008945-4"$"Bö-Bl/Min/65"
"Leipzig"$"4035206-7"$"Deutsche Nationalbibliothek Leipzig, Deutsches Buch- und Schriftmuseum"$"2008945-4"$"Bö-Bl/Min/66"
"Leipzig"$"4035206-7"$"Deutsche Nationalbibliothek Leipzig, Deutsches Buch- und Schriftmuseum"$"2008945-4"$"Bö-Bl/Min/67"
"Leipzig"$"4035206-7"$"Deutsche Nationalbibliothek Leipzig, Deutsches Buch- und Schriftmuseum"$"2008945-4"$"Bö-Bl/Min/68"
"Leipzig"$"4035206-7"$"Deutsche Nationalbibliothek Leipzig, Deutsches Buch- und Schriftmuseum"$"2008945-4"$"Bö-Bl/Min/69"
"Leipzig"$"4035206-7"$"Deutsche Nationalbibliothek Leipzig, Deutsches Buch- und Schriftmuseum"$"2008945-4"$"Bö-Bl/Min/70"
"Leipzig"$"4035206-7"$"Deutsche Nationalbibliothek Leipzig, Deutsches Buch- und Schriftmuseum"$"2008945-4"$"Bö-Bl/Min/71"
"Leipzig"$"4035206-7"$"Deutsche Nationalbibliothek Leipzig, Deutsches Buch- und Schriftmuseum"$"2008945-4"$"Bö-Bl/Min/72"
"Leipzig"$"4035206-7"$"Deutsche Nationalbibliothek Leipzig, Deutsches Buch- und Schriftmuseum"$"2008945-4"$"Bö-Bl/Min/73"
"Leipzig"$"4035206-7"$"Deutsche Nationalbibliothek Leipzig, Deutsches Buch- und Schriftmuseum"$"2008945-4"$"Bö-Bl/Min/74"
"Leipzig"$"4035206-7"$"Deutsche Nationalbibliothek Leipzig, Deutsches Buch- und Schriftmuseum"$"2008945-4"$"Bö-Bl/Min/75"
"Leipzig"$"4035206-7"$"Deutsche Nationalbibliothek Leipzig, Deutsches Buch- und Schriftmuseum"$"2008945-4"$"Bö-Bl/Min/76"
"Leipzig"$"4035206-7"$"Deutsche Nationalbibliothek Leipzig, Deutsches Buch- und Schriftmuseum"$"2008945-4"$"Bö-Bl/Min/77"
"Leipzig"$"4035206-7"$"Deutsche Nationalbibliothek Leipzig, Deutsches Buch- und Schriftmuseum"$"2008945-4"$"Bö-Bl/Min/78"
"Leipzig"$"4035206-7"$"Deutsche Nationalbibliothek Leipzig, Deutsches Buch- und Schriftmuseum"$"2008945-4"$"Bö-Bl/Min/79"
"Leipzig"$"4035206-7"$"Deutsche Nationalbibliothek Leipzig, Deutsches Buch- und Schriftmuseum"$"2008945-4"$"Bö-Bl/Min/80"
"Leipzig"$"4035206-7"$"Deutsche Nationalbibliothek Leipzig, Deutsches Buch- und Schriftmuseum"$"2008945-4"$"Bö-Bl/Min/81"
"Leipzig"$"4035206-7"$"Deutsche Nationalbibliothek Leipzig, Deutsches Buch- und Schriftmuseum"$"2008945-4"$"Bö-Bl/Min/82"
"Leipzig"$"4035206-7"$"Deutsche Nationalbibliothek Leipzig, Deutsches Buch- und Schriftmuseum"$"2008945-4"$"Bö-Bl/Min/83"
"Leipzig"$"4035206-7"$"Deutsche Nationalbibliothek Leipzig, Deutsches Buch- und Schriftmuseum"$"2008945-4"$"Bö-Bl/Min/84"
"Leipzig"$"4035206-7"$"Deutsche Nationalbibliothek Leipzig, Deutsches Buch- und Schriftmuseum"$"2008945-4"$"Bö-Bl/Min/85"
"Leipzig"$"4035206-7"$"Deutsche Nationalbibliothek Leipzig, Deutsches Buch- und Schriftmuseum"$"2008945-4"$"Bö-Bl/Min/86"
"Leipzig"$"4035206-7"$"Deutsche Nationalbibliothek Leipzig, Deutsches Buch- und Schriftmuseum"$"2008945-4"$"Bö-Bl/Min/87"
"Leipzig"$"4035206-7"$"Deutsche Nationalbibliothek Leipzig, Deutsches Buch- und Schriftmuseum"$"2008945-4"$"Bö-Bl/Min/88"
"Leipzig"$"4035206-7"$"Deutsche Nationalbibliothek Leipzig, Deutsches Buch- und Schriftmuseum"$"2008945-4"$"Bö-Bl/Min/89"
"Leipzig"$"4035206-7"$"Deutsche Nationalbibliothek Leipzig, Deutsches Buch- und Schriftmuseum"$"2008945-4"$"Bö-Bl/Min/90"
"Leipzig"$"4035206-7"$"Deutsche Nationalbibliothek Leipzig, Deutsches Buch- und Schriftmuseum"$"2008945-4"$"Bö-Bl/Min/91"
"Leipzig"$"4035206-7"$"Deutsche Nationalbibliothek Leipzig, Deutsches Buch- und Schriftmuseum"$"2008945-4"$"Bö-Bl/Min/92"
"Leipzig"$"4035206-7"$"Deutsche Nationalbibliothek Leipzig, Deutsches Buch- und Schriftmuseum"$"2008945-4"$"Bö-Bl/Min/93"
"Leipzig"$"4035206-7"$"Deutsche Nationalbibliothek Leipzig, Deutsches Buch- und Schriftmuseum"$"2008945-4"$"Bö-Bl/Min/94"
"Leipzig"$"4035206-7"$"Deutsche Nationalbibliothek Leipzig, Deutsches Buch- und Schriftmuseum"$"2008945-4"$"Bö-Bl/Min/95"
"Leipzig"$"4035206-7"$"Deutsche Nationalbibliothek Leipzig, Deutsches Buch- und Schriftmuseum"$"2008945-4"$"Bö-Bl/Min/96"
"Leipzig"$"4035206-7"$"Deutsche Nationalbibliothek Leipzig, Deutsches Buch- und Schriftmuseum"$"2008945-4"$"Bö-Bl/Min/97"
"Leipzig"$"4035206-7"$"Deutsche Nationalbibliothek Leipzig, Deutsches Buch- und Schriftmuseum"$"2008945-4"$"Bö-Bl/Min/98"
"Leipzig"$"4035206-7"$"Deutsche Nationalbibliothek Leipzig, Deutsches Buch- und Schriftmuseum"$"2008945-4"$"Bö-Bl/Min/99"
"Leipzig"$"4035206-7"$"Deutsche Nationalbibliothek Leipzig, Deutsches Buch- und Schriftmuseum"$"2008945-4"$"Bö-Bl/Min/100"
"Leipzig"$"4035206-7"$"Deutsche Nationalbibliothek Leipzig, Deutsches Buch- und Schriftmuseum"$"2008945-4"$"Bö-Bl/Min/101"
"Leipzig"$"4035206-7"$"Deutsche Nationalbibliothek Leipzig, Deutsches Buch- und Schriftmuseum"$"2008945-4"$"Bö-Bl/Min/102"
"Leipzig"$"4035206-7"$"Deutsche Nationalbibliothek Leipzig, Deutsches Buch- und Schriftmuseum"$"2008945-4"$"Bö-Bl/Min/103"
"Leipzig"$"4035206-7"$"Deutsche Nationalbibliothek Leipzig, Deutsches Buch- und Schriftmuseum"$"2008945-4"$"Bö-Bl/Min/104"
"Leipzig"$"4035206-7"$"Deutsche Nationalbibliothek Leipzig, Deutsches Buch- und Schriftmuseum"$"2008945-4"$"Bö-Bl/Min/105"
"Leipzig"$"4035206-7"$"Deutsche Nationalbibliothek Leipzig, Deutsches Buch- und Schriftmuseum"$"2008945-4"$"Bö-Bl/Min/106"
"Leipzig"$"4035206-7"$"Deutsche Nationalbibliothek Leipzig, Deutsches Buch- und Schriftmuseum"$"2008945-4"$"Bö-Bl/Min/107"
"Leipzig"$"4035206-7"$"Deutsche Nationalbibliothek Leipzig, Deutsches Buch- und Schriftmuseum"$"2008945-4"$"Bö-Bl/Min/108"
"Leipzig"$"4035206-7"$"Deutsche Nationalbibliothek Leipzig, Deutsches Buch- und Schriftmuseum"$"2008945-4"$"Bö-Bl/Min/109"
"Leipzig"$"4035206-7"$"Deutsche Nationalbibliothek Leipzig, Deutsches Buch- und Schriftmuseum"$"2008945-4"$"Bö-Bl/Min/110"
"Leipzig"$"4035206-7"$"Deutsche Nationalbibliothek Leipzig, Deutsches Buch- und Schriftmuseum"$"2008945-4"$"Bö-Bl/Min/111"
"Leipzig"$"4035206-7"$"Deutsche Nationalbibliothek Leipzig, Deutsches Buch- und Schriftmuseum"$"2008945-4"$"Bö-Bl/Min/112"
"Leipzig"$"4035206-7"$"Deutsche Nationalbibliothek Leipzig, Deutsches Buch- und Schriftmuseum"$"2008945-4"$"Bö-Bl/Min/113"
"Leipzig"$"4035206-7"$"Deutsche Nationalbibliothek Leipzig, Deutsches Buch- und Schriftmuseum"$"2008945-4"$"Bö-Bl/Min/114"
"Leipzig"$"4035206-7"$"Deutsche Nationalbibliothek Leipzig, Deutsches Buch- und Schriftmuseum"$"2008945-4"$"Bö-Bl/Min/115"
"Leipzig"$"4035206-7"$"Deutsche Nationalbibliothek Leipzig, Deutsches Buch- und Schriftmuseum"$"2008945-4"$"Bö-Bl/Min/116"
"Leipzig"$"4035206-7"$"Deutsche Nationalbibliothek Leipzig, Deutsches Buch- und Schriftmuseum"$"2008945-4"$"Bö-Bl/Min/117"
"Leipzig"$"4035206-7"$"Deutsche Nationalbibliothek Leipzig, Deutsches Buch- und Schriftmuseum"$"2008945-4"$"Bö-Bl/Min/118"
"Leipzig"$"4035206-7"$"Deutsche Nationalbibliothek Leipzig, Deutsches Buch- und Schriftmuseum"$"2008945-4"$"Bö-Bl/Min/119"
"Leipzig"$"4035206-7"$"Deutsche Nationalbibliothek Leipzig, Deutsches Buch- und Schriftmuseum"$"2008945-4"$"Bö-Bl/Min/120"
"Leipzig"$"4035206-7"$"Deutsche Nationalbibliothek Leipzig, Deutsches Buch- und Schriftmuseum"$"2008945-4"$"Bö-Bl/Min/121"
"Leipzig"$"4035206-7"$"Deutsche Nationalbibliothek Leipzig, Deutsches Buch- und Schriftmuseum"$"2008945-4"$"Bö-Bl/Min/122"
"Leipzig"$"4035206-7"$"Deutsche Nationalbibliothek Leipzig, Deutsches Buch- und Schriftmuseum"$"2008945-4"$"Bö-Bl/Min/123"
"Leipzig"$"4035206-7"$"Deutsche Nationalbibliothek Leipzig, Deutsches Buch- und Schriftmuseum"$"2008945-4"$"Bö-Bl/Min/124"
"Leipzig"$"4035206-7"$"Deutsche Nationalbibliothek Leipzig, Deutsches Buch- und Schriftmuseum"$"2008945-4"$"Bö-Bl/Min/125"
"Leipzig"$"4035206-7"$"Deutsche Nationalbibliothek Leipzig, Deutsches Buch- und Schriftmuseum"$"2008945-4"$"Bö-Bl/Min/126"