"1"$"M I 3"$"https://iiif.slub-dresden.de/iiif/2/1807021076/manifest.json"$"https://nbn-resolving.de/urn:nbn:de:bsz:14-db-id18070210764"$"https://images.iiif.slub-dresden.de/iiif/2/data%2Fkitodo%2FFlorsado_1807021076%2FFlorsado_1807021076_tif%2Fjpegs%2F00000001.tif.medium.jpg/full/,200/0/default.jpg"$"Komplett"$"Original"$"Standard"$"Einzelseite"$""$"2022"$"Diözesan- und Domstiftsbibliothek"$"https://d-nb.info/gnd/1027608000"$"Bautzen"$"https://d-nb.info/gnd/4004968-1"$"Sächsische Landesbibliothek – Staats- und Universitätsbibliothek Dresden"$"https://d-nb.info/gnd/5165770-3"$"Dresden"$"https://d-nb.info/gnd/4012995-0"
"2"$"M I 4"$"https://iiif.slub-dresden.de/iiif/2/1839125942/manifest.json"$"https://nbn-resolving.de/urn:nbn:de:bsz:14-db-id18391259429"$"https://images.iiif.slub-dresden.de/iiif/2/data%2Fkitodo%2FLibeRoM_1839125942%2FLibeRoM_1839125942_tif%2Fjpegs%2F00000001.tif.medium.jpg/full/,200/0/default.jpg"$"Komplett"$"Original"$"Standard"$"Einzelseite"$""$"2023"$"Diözesan- und Domstiftsbibliothek"$"https://d-nb.info/gnd/1027608000"$"Bautzen"$"https://d-nb.info/gnd/4004968-1"$"Sächsische Landesbibliothek – Staats- und Universitätsbibliothek Dresden"$"https://d-nb.info/gnd/5165770-3"$"Dresden"$"https://d-nb.info/gnd/4012995-0"
"3"$"M I 5"$"https://iiif.slub-dresden.de/iiif/2/183909852X/manifest.json"$"https://nbn-resolving.de/urn:nbn:de:bsz:14-db-id183909852X4"$"https://images.iiif.slub-dresden.de/iiif/2/data%2Fkitodo%2FArComp_183909852X%2FArComp_183909852X_tif%2Fjpegs%2F00000001.tif.medium.jpg/full/,200/0/default.jpg"$"Komplett"$"Original"$"Standard"$"Einzelseite"$""$"2023"$"Diözesan- und Domstiftsbibliothek"$"https://d-nb.info/gnd/1027608000"$"Bautzen"$"https://d-nb.info/gnd/4004968-1"$"Sächsische Landesbibliothek – Staats- und Universitätsbibliothek Dresden"$"https://d-nb.info/gnd/5165770-3"$"Dresden"$"https://d-nb.info/gnd/4012995-0"
"4"$"M I 10"$"https://iiif.slub-dresden.de/iiif/2/1839096748/manifest.json"$"https://nbn-resolving.de/urn:nbn:de:bsz:14-db-id18390967484"$"https://images.iiif.slub-dresden.de/iiif/2/data%2Fkitodo%2FGnChro_1839096748%2FGnChro_1839096748_tif%2Fjpegs%2F00000001.tif.medium.jpg/full/,200/0/default.jpg"$"Komplett"$"Original"$"Standard"$"Einzelseite"$""$"2023"$"Diözesan- und Domstiftsbibliothek"$"https://d-nb.info/gnd/1027608000"$"Bautzen"$"https://d-nb.info/gnd/4004968-1"$"Sächsische Landesbibliothek – Staats- und Universitätsbibliothek Dresden"$"https://d-nb.info/gnd/5165770-3"$"Dresden"$"https://d-nb.info/gnd/4012995-0"
"5"$"M I 15"$"https://iiif.slub-dresden.de/iiif/2/1839109157/manifest.json"$"https://nbn-resolving.de/urn:nbn:de:bsz:14-db-id18391091570"$"https://images.iiif.slub-dresden.de/iiif/2/data%2Fkitodo%2FdeZTheo_1839109157%2FdeZTheo_1839109157_tif%2Fjpegs%2F00000001.tif.medium.jpg/full/,200/0/default.jpg"$"Komplett"$"Original"$"Standard"$"Einzelseite"$""$"2023"$"Diözesan- und Domstiftsbibliothek"$"https://d-nb.info/gnd/1027608000"$"Bautzen"$"https://d-nb.info/gnd/4004968-1"$"Sächsische Landesbibliothek – Staats- und Universitätsbibliothek Dresden"$"https://d-nb.info/gnd/5165770-3"$"Dresden"$"https://d-nb.info/gnd/4012995-0"
"6"$"M I 16"$"https://iiif.slub-dresden.de/iiif/2/1839124458/manifest.json"$"https://nbn-resolving.de/urn:nbn:de:bsz:14-db-id18391244582"$"https://images.iiif.slub-dresden.de/iiif/2/data%2Fkitodo%2FdeOTheo_1839124458%2FdeOTheo_1839124458_tif%2Fjpegs%2F00000001.tif.medium.jpg/full/,200/0/default.jpg"$"Komplett"$"Original"$"Standard"$"Einzelseite"$""$"2023"$"Diözesan- und Domstiftsbibliothek"$"https://d-nb.info/gnd/1027608000"$"Bautzen"$"https://d-nb.info/gnd/4004968-1"$"Sächsische Landesbibliothek – Staats- und Universitätsbibliothek Dresden"$"https://d-nb.info/gnd/5165770-3"$"Dresden"$"https://d-nb.info/gnd/4012995-0"
"7"$"M I 18"$"https://iiif.slub-dresden.de/iiif/2/1859433189/manifest.json"$"https://nbn-resolving.de/urn:nbn:de:bsz:14-db-id18594331899"$"https://images.iiif.slub-dresden.de/iiif/2/data%2Fkitodo%2FPrGrad_1859433189%2FPrGrad_1859433189_tif%2Fjpegs%2F00000001.tif.medium.jpg/full/,200/0/default.jpg"$"Komplett"$"Original"$"Standard"$"Einzelseite"$""$"2023"$"Diözesan- und Domstiftsbibliothek"$"https://d-nb.info/gnd/1027608000"$"Bautzen"$"https://d-nb.info/gnd/4004968-1"$"Sächsische Landesbibliothek – Staats- und Universitätsbibliothek Dresden"$"https://d-nb.info/gnd/5165770-3"$"Dresden"$"https://d-nb.info/gnd/4012995-0"
"8"$"M I 19"$"https://iiif.slub-dresden.de/iiif/2/1859434622/manifest.json"$"https://nbn-resolving.de/urn:nbn:de:bsz:14-db-id18594346227"$"https://images.iiif.slub-dresden.de/iiif/2/data%2Fkitodo%2FHobeAnti_1859434622%2FHobeAnti_1859434622_tif%2Fjpegs%2F00000001.tif.medium.jpg/full/,200/0/default.jpg"$"Komplett"$"Original"$"Standard"$"Einzelseite"$""$"2023"$"Diözesan- und Domstiftsbibliothek"$"https://d-nb.info/gnd/1027608000"$"Bautzen"$"https://d-nb.info/gnd/4004968-1"$"Sächsische Landesbibliothek – Staats- und Universitätsbibliothek Dresden"$"https://d-nb.info/gnd/5165770-3"$"Dresden"$"https://d-nb.info/gnd/4012995-0"
"9"$"M I 20"$"https://iiif.slub-dresden.de/iiif/2/1888015861/manifest.json"$"https://nbn-resolving.de/urn:nbn:de:bsz:14-db-id18880158616"$"https://images.iiif.slub-dresden.de/iiif/2/data%2Fkitodo%2FChorPahi_1888015861%2FChorPahi_1888015861_tif%2Fjpegs%2F00000001.tif.medium.jpg/full/,200/0/default.jpg"$"Komplett"$"Original"$"Standard"$"Einzelseite"$""$"2024"$"Diözesan- und Domstiftsbibliothek"$"https://d-nb.info/gnd/1027608000"$"Bautzen"$"https://d-nb.info/gnd/4004968-1"$"Sächsische Landesbibliothek – Staats- und Universitätsbibliothek Dresden"$"https://d-nb.info/gnd/5165770-3"$"Dresden"$"https://d-nb.info/gnd/4012995-0"
"10"$"M I 21"$"https://iiif.slub-dresden.de/iiif/2/1887500642/manifest.json"$"https://nbn-resolving.de/urn:nbn:de:bsz:14-db-id18875006426"$"https://images.iiif.slub-dresden.de/iiif/2/data%2Fkitodo%2FSequMI_1887500642%2FSequMI_1887500642_tif%2Fjpegs%2F00000001.tif.medium.jpg/full/,200/0/default.jpg"$"Komplett"$"Original"$"Standard"$"Einzelseite"$""$"2024"$"Diözesan- und Domstiftsbibliothek"$"https://d-nb.info/gnd/1027608000"$"Bautzen"$"https://d-nb.info/gnd/4004968-1"$"Sächsische Landesbibliothek – Staats- und Universitätsbibliothek Dresden"$"https://d-nb.info/gnd/5165770-3"$"Dresden"$"https://d-nb.info/gnd/4012995-0"
"11"$"M I 22"$"https://iiif.slub-dresden.de/iiif/2/1888470747/manifest.json"$"https://nbn-resolving.de/urn:nbn:de:bsz:14-db-id18884707477"$"https://images.iiif.slub-dresden.de/iiif/2/data%2Fkitodo%2FCasususuD_1888470747%2FCasususuD_1888470747_tif%2Fjpegs%2F00000001.tif.medium.jpg/full/,200/0/default.jpg"$"Komplett"$"Original"$"Standard"$"Einzelseite"$""$"2024"$"Diözesan- und Domstiftsbibliothek"$"https://d-nb.info/gnd/1027608000"$"Bautzen"$"https://d-nb.info/gnd/4004968-1"$"Sächsische Landesbibliothek – Staats- und Universitätsbibliothek Dresden"$"https://d-nb.info/gnd/5165770-3"$"Dresden"$"https://d-nb.info/gnd/4012995-0"
"12"$"M I 25"$"https://iiif.slub-dresden.de/iiif/2/183912170X/manifest.json"$"https://nbn-resolving.de/urn:nbn:de:bsz:14-db-id183912170X0"$"https://images.iiif.slub-dresden.de/iiif/2/data%2Fkitodo%2FFratTheo_183912170X%2FFratTheo_183912170X_tif%2Fjpegs%2F00000001.tif.medium.jpg/full/,200/0/default.jpg"$"Komplett"$"Original"$"Standard"$"Einzelseite"$""$"2023"$"Diözesan- und Domstiftsbibliothek"$"https://d-nb.info/gnd/1027608000"$"Bautzen"$"https://d-nb.info/gnd/4004968-1"$"Sächsische Landesbibliothek – Staats- und Universitätsbibliothek Dresden"$"https://d-nb.info/gnd/5165770-3"$"Dresden"$"https://d-nb.info/gnd/4012995-0"
"13"$"M I 27"$"https://iiif.slub-dresden.de/iiif/2/1839118369/manifest.json"$"https://nbn-resolving.de/urn:nbn:de:bsz:14-db-id18391183691"$"https://images.iiif.slub-dresden.de/iiif/2/data%2Fkitodo%2FTheoSaM_1839118369%2FTheoSaM_1839118369_tif%2Fjpegs%2F00000001.tif.medium.jpg/full/,200/0/default.jpg"$"Komplett"$"Original"$"Standard"$"Einzelseite"$""$"2023"$"Diözesan- und Domstiftsbibliothek"$"https://d-nb.info/gnd/1027608000"$"Bautzen"$"https://d-nb.info/gnd/4004968-1"$"Sächsische Landesbibliothek – Staats- und Universitätsbibliothek Dresden"$"https://d-nb.info/gnd/5165770-3"$"Dresden"$"https://d-nb.info/gnd/4012995-0"
"14"$"M I 35-1"$"https://iiif.slub-dresden.de/iiif/2/1888025123/manifest.json"$"https://nbn-resolving.de/urn:nbn:de:bsz:14-db-id18880251238"$"https://images.iiif.slub-dresden.de/iiif/2/data%2Fkitodo%2FMissmiCaM_1888025123%2FMissmiCaM_1888025123_tif%2Fjpegs%2F00000003.tif.medium.jpg/full/,200/0/default.jpg"$"Komplett"$"Original"$"Standard"$"Einzelseite"$""$"2024"$"Diözesan- und Domstiftsbibliothek"$"https://d-nb.info/gnd/1027608000"$"Bautzen"$"https://d-nb.info/gnd/4004968-1"$"Sächsische Landesbibliothek – Staats- und Universitätsbibliothek Dresden"$"https://d-nb.info/gnd/5165770-3"$"Dresden"$"https://d-nb.info/gnd/4012995-0"
"15"$"M I 35-2"$"https://iiif.slub-dresden.de/iiif/2/1888025859/manifest.json"$"https://nbn-resolving.de/urn:nbn:de:bsz:14-db-id18880258593"$"https://images.iiif.slub-dresden.de/iiif/2/data%2Fkitodo%2FNachzueiM_1888025859%2FNachzueiM_1888025859_tif%2Fjpegs%2F00000001.tif.medium.jpg/full/,200/0/default.jpg"$"Komplett"$"Original"$"Standard"$"Einzelseite"$""$"2024"$"Diözesan- und Domstiftsbibliothek"$"https://d-nb.info/gnd/1027608000"$"Bautzen"$"https://d-nb.info/gnd/4004968-1"$"Sächsische Landesbibliothek – Staats- und Universitätsbibliothek Dresden"$"https://d-nb.info/gnd/5165770-3"$"Dresden"$"https://d-nb.info/gnd/4012995-0"
"16"$"M I 36"$"https://iiif.slub-dresden.de/iiif/2/1887554394/manifest.json"$"https://nbn-resolving.de/urn:nbn:de:bsz:14-db-id18875543944"$"https://images.iiif.slub-dresden.de/iiif/2/data%2Fkitodo%2FMissFeM_1887554394%2FMissFeM_1887554394_tif%2Fjpegs%2F00000001.tif.medium.jpg/full/,200/0/default.jpg"$"Komplett"$"Original"$"Standard"$"Einzelseite"$""$"2024"$"Diözesan- und Domstiftsbibliothek"$"https://d-nb.info/gnd/1027608000"$"Bautzen"$"https://d-nb.info/gnd/4004968-1"$"Sächsische Landesbibliothek – Staats- und Universitätsbibliothek Dresden"$"https://d-nb.info/gnd/5165770-3"$"Dresden"$"https://d-nb.info/gnd/4012995-0"
"17"$"M I 37"$"https://iiif.slub-dresden.de/iiif/2/1888018062/manifest.json"$"https://nbn-resolving.de/urn:nbn:de:bsz:14-db-id18880180624"$"https://images.iiif.slub-dresden.de/iiif/2/data%2Fkitodo%2FCanoMiM_1888018062%2FCanoMiM_1888018062_tif%2Fjpegs%2F00000001.tif.medium.jpg/full/,200/0/default.jpg"$"Komplett"$"Original"$"Standard"$"Einzelseite"$""$"2024"$"Diözesan- und Domstiftsbibliothek"$"https://d-nb.info/gnd/1027608000"$"Bautzen"$"https://d-nb.info/gnd/4004968-1"$"Sächsische Landesbibliothek – Staats- und Universitätsbibliothek Dresden"$"https://d-nb.info/gnd/5165770-3"$"Dresden"$"https://d-nb.info/gnd/4012995-0"
"18"$"M I 40"$"https://iiif.slub-dresden.de/iiif/2/1887963731/manifest.json"$"https://nbn-resolving.de/urn:nbn:de:bsz:14-db-id18879637312"$"https://images.iiif.slub-dresden.de/iiif/2/data%2Fkitodo%2FBeneunRi_1887963731%2FBeneunRi_1887963731_tif%2Fjpegs%2F00000001.tif.medium.jpg/full/,200/0/default.jpg"$"Komplett"$"Original"$"Standard"$"Einzelseite"$""$"2024"$"Diözesan- und Domstiftsbibliothek"$"https://d-nb.info/gnd/1027608000"$"Bautzen"$"https://d-nb.info/gnd/4004968-1"$"Sächsische Landesbibliothek – Staats- und Universitätsbibliothek Dresden"$"https://d-nb.info/gnd/5165770-3"$"Dresden"$"https://d-nb.info/gnd/4012995-0"
"19"$"M I 45"$"https://iiif.slub-dresden.de/iiif/2/1887552219/manifest.json"$"https://nbn-resolving.de/urn:nbn:de:bsz:14-db-id18875522193"$"https://images.iiif.slub-dresden.de/iiif/2/data%2Fkitodo%2FSammvoBru_1887552219%2FSammvoBru_1887552219_tif%2Fjpegs%2F00000001.tif.medium.jpg/full/,200/0/default.jpg"$"Komplett"$"Original"$"Standard"$"Einzelseite"$""$"2024"$"Diözesan- und Domstiftsbibliothek"$"https://d-nb.info/gnd/1027608000"$"Bautzen"$"https://d-nb.info/gnd/4004968-1"$"Sächsische Landesbibliothek – Staats- und Universitätsbibliothek Dresden"$"https://d-nb.info/gnd/5165770-3"$"Dresden"$"https://d-nb.info/gnd/4012995-0"
"20"$"M I 46-1"$"https://iiif.slub-dresden.de/iiif/2/1888027118/manifest.json"$"https://nbn-resolving.de/urn:nbn:de:bsz:14-db-id18880271187"$"https://images.iiif.slub-dresden.de/iiif/2/data%2Fkitodo%2FDecrMI_1888027118%2FDecrMI_1888027118_tif%2Fjpegs%2F00000001.tif.medium.jpg/full/,200/0/default.jpg"$"Komplett"$"Original"$"Standard"$"Einzelseite"$""$"2024"$"Diözesan- und Domstiftsbibliothek"$"https://d-nb.info/gnd/1027608000"$"Bautzen"$"https://d-nb.info/gnd/4004968-1"$"Sächsische Landesbibliothek – Staats- und Universitätsbibliothek Dresden"$"https://d-nb.info/gnd/5165770-3"$"Dresden"$"https://d-nb.info/gnd/4012995-0"
"21"$"M I 46-2"$"https://iiif.slub-dresden.de/iiif/2/1888030194/manifest.json"$"https://nbn-resolving.de/urn:nbn:de:bsz:14-db-id18880301943"$"https://images.iiif.slub-dresden.de/iiif/2/data%2Fkitodo%2FKommzuPeL_1888030194%2FKommzuPeL_1888030194_tif%2Fjpegs%2F00000001.tif.medium.jpg/full/,200/0/default.jpg"$"Komplett"$"Original"$"Standard"$"Einzelseite"$""$"2024"$"Diözesan- und Domstiftsbibliothek"$"https://d-nb.info/gnd/1027608000"$"Bautzen"$"https://d-nb.info/gnd/4004968-1"$"Sächsische Landesbibliothek – Staats- und Universitätsbibliothek Dresden"$"https://d-nb.info/gnd/5165770-3"$"Dresden"$"https://d-nb.info/gnd/4012995-0"
"22"$"M I 46-3"$"https://iiif.slub-dresden.de/iiif/2/1888031255/manifest.json"$"https://nbn-resolving.de/urn:nbn:de:bsz:14-db-id18880312550"$"https://images.iiif.slub-dresden.de/iiif/2/data%2Fkitodo%2FBiblSaM_1888031255%2FBiblSaM_1888031255_tif%2Fjpegs%2F00000001.tif.medium.jpg/full/,200/0/default.jpg"$"Komplett"$"Original"$"Standard"$"Einzelseite"$""$"2024"$"Diözesan- und Domstiftsbibliothek"$"https://d-nb.info/gnd/1027608000"$"Bautzen"$"https://d-nb.info/gnd/4004968-1"$"Sächsische Landesbibliothek – Staats- und Universitätsbibliothek Dresden"$"https://d-nb.info/gnd/5165770-3"$"Dresden"$"https://d-nb.info/gnd/4012995-0"
"23"$"M I 46-4"$"https://iiif.slub-dresden.de/iiif/2/1888031832/manifest.json"$"https://nbn-resolving.de/urn:nbn:de:bsz:14-db-id18880318324"$"https://images.iiif.slub-dresden.de/iiif/2/data%2Fkitodo%2FMissMI_1888031832%2FMissMI_1888031832_tif%2Fjpegs%2F00000001.tif.medium.jpg/full/,200/0/default.jpg"$"Komplett"$"Original"$"Standard"$"Einzelseite"$""$"2024"$"Diözesan- und Domstiftsbibliothek"$"https://d-nb.info/gnd/1027608000"$"Bautzen"$"https://d-nb.info/gnd/4004968-1"$"Sächsische Landesbibliothek – Staats- und Universitätsbibliothek Dresden"$"https://d-nb.info/gnd/5165770-3"$"Dresden"$"https://d-nb.info/gnd/4012995-0"
"24"$"M I 46-5"$"https://iiif.slub-dresden.de/iiif/2/1888455551/manifest.json"$"https://nbn-resolving.de/urn:nbn:de:bsz:14-db-id18884555510"$"https://images.iiif.slub-dresden.de/iiif/2/data%2Fkitodo%2FChorFM_1888455551%2FChorFM_1888455551_tif%2Fjpegs%2F00000001.tif.medium.jpg/full/,200/0/default.jpg"$"Komplett"$"Original"$"Standard"$"Einzelseite"$""$"2024"$"Diözesan- und Domstiftsbibliothek"$"https://d-nb.info/gnd/1027608000"$"Bautzen"$"https://d-nb.info/gnd/4004968-1"$"Sächsische Landesbibliothek – Staats- und Universitätsbibliothek Dresden"$"https://d-nb.info/gnd/5165770-3"$"Dresden"$"https://d-nb.info/gnd/4012995-0"
"25"$"M I 46-6"$"https://iiif.slub-dresden.de/iiif/2/188845637X/manifest.json"$"https://nbn-resolving.de/urn:nbn:de:bsz:14-db-id188845637X6"$"https://images.iiif.slub-dresden.de/iiif/2/data%2Fkitodo%2FMissFM_188845637X%2FMissFM_188845637X_tif%2Fjpegs%2F00000001.tif.medium.jpg/full/,200/0/default.jpg"$"Komplett"$"Original"$"Standard"$"Einzelseite"$""$"2024"$"Diözesan- und Domstiftsbibliothek"$"https://d-nb.info/gnd/1027608000"$"Bautzen"$"https://d-nb.info/gnd/4004968-1"$"Sächsische Landesbibliothek – Staats- und Universitätsbibliothek Dresden"$"https://d-nb.info/gnd/5165770-3"$"Dresden"$"https://d-nb.info/gnd/4012995-0"
"26"$"M I 46-7"$"https://iiif.slub-dresden.de/iiif/2/1888457155/manifest.json"$"https://nbn-resolving.de/urn:nbn:de:bsz:14-db-id18884571551"$"https://images.iiif.slub-dresden.de/iiif/2/data%2Fkitodo%2FMissFM_1888457155%2FMissFM_1888457155_tif%2Fjpegs%2F00000001.tif.medium.jpg/full/,200/0/default.jpg"$"Komplett"$"Original"$"Standard"$"Einzelseite"$""$"2024"$"Diözesan- und Domstiftsbibliothek"$"https://d-nb.info/gnd/1027608000"$"Bautzen"$"https://d-nb.info/gnd/4004968-1"$"Sächsische Landesbibliothek – Staats- und Universitätsbibliothek Dresden"$"https://d-nb.info/gnd/5165770-3"$"Dresden"$"https://d-nb.info/gnd/4012995-0"
"27"$"M I 46-8"$"https://iiif.slub-dresden.de/iiif/2/1888457732/manifest.json"$"https://nbn-resolving.de/urn:nbn:de:bsz:14-db-id18884577328"$"https://images.iiif.slub-dresden.de/iiif/2/data%2Fkitodo%2FChorFM_1888457732%2FChorFM_1888457732_tif%2Fjpegs%2F00000001.tif.medium.jpg/full/,200/0/default.jpg"$"Komplett"$"Original"$"Standard"$"Einzelseite"$""$"2024"$"Diözesan- und Domstiftsbibliothek"$"https://d-nb.info/gnd/1027608000"$"Bautzen"$"https://d-nb.info/gnd/4004968-1"$"Sächsische Landesbibliothek – Staats- und Universitätsbibliothek Dresden"$"https://d-nb.info/gnd/5165770-3"$"Dresden"$"https://d-nb.info/gnd/4012995-0"
"28"$"M I 46-9"$"https://iiif.slub-dresden.de/iiif/2/188845802X/manifest.json"$"https://nbn-resolving.de/urn:nbn:de:bsz:14-db-id188845802X3"$"https://images.iiif.slub-dresden.de/iiif/2/data%2Fkitodo%2FMissFM_188845802X%2FMissFM_188845802X_tif%2Fjpegs%2F00000001.tif.medium.jpg/full/,200/0/default.jpg"$"Komplett"$"Original"$"Standard"$"Einzelseite"$""$"2024"$"Diözesan- und Domstiftsbibliothek"$"https://d-nb.info/gnd/1027608000"$"Bautzen"$"https://d-nb.info/gnd/4004968-1"$"Sächsische Landesbibliothek – Staats- und Universitätsbibliothek Dresden"$"https://d-nb.info/gnd/5165770-3"$"Dresden"$"https://d-nb.info/gnd/4012995-0"
"29"$"M I 46-10"$"https://iiif.slub-dresden.de/iiif/2/1888458496/manifest.json"$"https://nbn-resolving.de/urn:nbn:de:bsz:14-db-id18884584963"$"https://images.iiif.slub-dresden.de/iiif/2/data%2Fkitodo%2FAntiFM_1888458496%2FAntiFM_1888458496_tif%2Fjpegs%2F00000001.tif.medium.jpg/full/,200/0/default.jpg"$"Komplett"$"Original"$"Standard"$"Einzelseite"$""$"2024"$"Diözesan- und Domstiftsbibliothek"$"https://d-nb.info/gnd/1027608000"$"Bautzen"$"https://d-nb.info/gnd/4004968-1"$"Sächsische Landesbibliothek – Staats- und Universitätsbibliothek Dresden"$"https://d-nb.info/gnd/5165770-3"$"Dresden"$"https://d-nb.info/gnd/4012995-0"
"30"$"M I 46-11"$"https://iiif.slub-dresden.de/iiif/2/1888467843/manifest.json"$"https://nbn-resolving.de/urn:nbn:de:bsz:14-db-id18884678430"$"https://images.iiif.slub-dresden.de/iiif/2/data%2Fkitodo%2FAntiFM_1888467843%2FAntiFM_1888467843_tif%2Fjpegs%2F00000001.tif.medium.jpg/full/,200/0/default.jpg"$"Komplett"$"Original"$"Standard"$"Einzelseite"$""$"2024"$"Diözesan- und Domstiftsbibliothek"$"https://d-nb.info/gnd/1027608000"$"Bautzen"$"https://d-nb.info/gnd/4004968-1"$"Sächsische Landesbibliothek – Staats- und Universitätsbibliothek Dresden"$"https://d-nb.info/gnd/5165770-3"$"Dresden"$"https://d-nb.info/gnd/4012995-0"
"31"$"M I 46-12"$"https://iiif.slub-dresden.de/iiif/2/1888468408/manifest.json"$"https://nbn-resolving.de/urn:nbn:de:bsz:14-db-id18884684088"$"https://images.iiif.slub-dresden.de/iiif/2/data%2Fkitodo%2FMissFM_1888468408%2FMissFM_1888468408_tif%2Fjpegs%2F00000001.tif.medium.jpg/full/,200/0/default.jpg"$"Komplett"$"Original"$"Standard"$"Einzelseite"$""$"2024"$"Diözesan- und Domstiftsbibliothek"$"https://d-nb.info/gnd/1027608000"$"Bautzen"$"https://d-nb.info/gnd/4004968-1"$"Sächsische Landesbibliothek – Staats- und Universitätsbibliothek Dresden"$"https://d-nb.info/gnd/5165770-3"$"Dresden"$"https://d-nb.info/gnd/4012995-0"
"32"$"M I 46-13"$"https://iiif.slub-dresden.de/iiif/2/1907175245/manifest.json"$"https://nbn-resolving.de/urn:nbn:de:bsz:14-db-id19071752452"$"https://images.iiif.slub-dresden.de/iiif/2/data%2Fkitodo%2FMissF_1907175245%2FMissF_1907175245_tif%2Fjpegs%2F00000001.tif.medium.jpg/full/,200/0/default.jpg"$"Komplett"$"Original"$"Standard"$"Einzelseite"$""$"2024"$"Diözesan- und Domstiftsbibliothek"$"https://d-nb.info/gnd/1027608000"$"Bautzen"$"https://d-nb.info/gnd/4004968-1"$"Sächsische Landesbibliothek – Staats- und Universitätsbibliothek Dresden"$"https://d-nb.info/gnd/5165770-3"$"Dresden"$"https://d-nb.info/gnd/4012995-0"
"33"$"M I 46-14"$"https://iiif.slub-dresden.de/iiif/2/1907177841/manifest.json"$"https://nbn-resolving.de/urn:nbn:de:bsz:14-db-id19071778417"$"https://images.iiif.slub-dresden.de/iiif/2/data%2Fkitodo%2FMissF_1907177841%2FMissF_1907177841_tif%2Fjpegs%2F00000001.tif.medium.jpg/full/,200/0/default.jpg"$"Komplett"$"Original"$"Standard"$"Einzelseite"$""$"2024"$"Diözesan- und Domstiftsbibliothek"$"https://d-nb.info/gnd/1027608000"$"Bautzen"$"https://d-nb.info/gnd/4004968-1"$"Sächsische Landesbibliothek – Staats- und Universitätsbibliothek Dresden"$"https://d-nb.info/gnd/5165770-3"$"Dresden"$"https://d-nb.info/gnd/4012995-0"
"34"$"M I 46-15"$"https://iiif.slub-dresden.de/iiif/2/1907179623/manifest.json"$"https://nbn-resolving.de/urn:nbn:de:bsz:14-db-id19071796237"$"https://images.iiif.slub-dresden.de/iiif/2/data%2Fkitodo%2FHymnFM_1907179623%2FHymnFM_1907179623_tif%2Fjpegs%2F00000001.tif.medium.jpg/full/,200/0/default.jpg"$"Komplett"$"Original"$"Standard"$"Einzelseite"$""$"2024"$"Diözesan- und Domstiftsbibliothek"$"https://d-nb.info/gnd/1027608000"$"Bautzen"$"https://d-nb.info/gnd/4004968-1"$"Sächsische Landesbibliothek – Staats- und Universitätsbibliothek Dresden"$"https://d-nb.info/gnd/5165770-3"$"Dresden"$"https://d-nb.info/gnd/4012995-0"
"35"$"M I 46-16"$"https://iiif.slub-dresden.de/iiif/2/1907178732/manifest.json"$"https://nbn-resolving.de/urn:nbn:de:bsz:14-db-id19071787321"$"https://images.iiif.slub-dresden.de/iiif/2/data%2Fkitodo%2FFrag_1907178732%2FFrag_1907178732_tif%2Fjpegs%2F00000001.tif.medium.jpg/full/,200/0/default.jpg"$"Komplett"$"Original"$"Standard"$"Einzelseite"$""$"2024"$"Diözesan- und Domstiftsbibliothek"$"https://d-nb.info/gnd/1027608000"$"Bautzen"$"https://d-nb.info/gnd/4004968-1"$"Sächsische Landesbibliothek – Staats- und Universitätsbibliothek Dresden"$"https://d-nb.info/gnd/5165770-3"$"Dresden"$"https://d-nb.info/gnd/4012995-0"
"36"$"M I 50"$"https://iiif.slub-dresden.de/iiif/2/1888021047/manifest.json"$"https://nbn-resolving.de/urn:nbn:de:bsz:14-db-id18880210472"$"https://images.iiif.slub-dresden.de/iiif/2/data%2Fkitodo%2FEidedeDoS_1888021047%2FEidedeDoS_1888021047_tif%2Fjpegs%2F00000001.tif.medium.jpg/full/,200/0/default.jpg"$"Komplett"$"Original"$"Standard"$"Einzelseite"$""$"2024"$"Diözesan- und Domstiftsbibliothek"$"https://d-nb.info/gnd/1027608000"$"Bautzen"$"https://d-nb.info/gnd/4004968-1"$"Sächsische Landesbibliothek – Staats- und Universitätsbibliothek Dresden"$"https://d-nb.info/gnd/5165770-3"$"Dresden"$"https://d-nb.info/gnd/4012995-0"
"37"$"M I 53"$"https://iiif.slub-dresden.de/iiif/2/1887549463/manifest.json"$"https://nbn-resolving.de/urn:nbn:de:bsz:14-db-id18875494636"$"https://images.iiif.slub-dresden.de/iiif/2/data%2Fkitodo%2FDeInAcH_1887549463%2FDeInAcH_1887549463_tif%2Fjpegs%2F00000001.tif.medium.jpg/full/,200/0/default.jpg"$"Komplett"$"Original"$"Standard"$"Einzelseite"$""$"2024"$"Diözesan- und Domstiftsbibliothek"$"https://d-nb.info/gnd/1027608000"$"Bautzen"$"https://d-nb.info/gnd/4004968-1"$"Sächsische Landesbibliothek – Staats- und Universitätsbibliothek Dresden"$"https://d-nb.info/gnd/5165770-3"$"Dresden"$"https://d-nb.info/gnd/4012995-0"
"38"$"M I 53"$"https://iiif.slub-dresden.de/iiif/2/1887545530/manifest.json"$"https://nbn-resolving.de/urn:nbn:de:bsz:14-db-id18875455301"$"https://images.iiif.slub-dresden.de/iiif/2/data%2Fkitodo%2FKollzueiV_1887545530%2FKollzueiV_1887545530_tif%2Fjpegs%2F00000001.tif.medium.jpg/full/,200/0/default.jpg"$"Komplett"$"Original"$"Standard"$"Einzelseite"$""$"2024"$"Diözesan- und Domstiftsbibliothek"$"https://d-nb.info/gnd/1027608000"$"Bautzen"$"https://d-nb.info/gnd/4004968-1"$"Sächsische Landesbibliothek – Staats- und Universitätsbibliothek Dresden"$"https://d-nb.info/gnd/5165770-3"$"Dresden"$"https://d-nb.info/gnd/4012995-0"
"39"$"M I 56"$"https://iiif.slub-dresden.de/iiif/2/1887543139/manifest.json"$"https://nbn-resolving.de/urn:nbn:de:bsz:14-db-id18875431398"$"https://images.iiif.slub-dresden.de/iiif/2/data%2Fkitodo%2FLituTeM_1887543139%2FLituTeM_1887543139_tif%2Fjpegs%2F00000001.tif.medium.jpg/full/,200/0/default.jpg"$"Komplett"$"Original"$"Standard"$"Einzelseite"$""$"2024"$"Diözesan- und Domstiftsbibliothek"$"https://d-nb.info/gnd/1027608000"$"Bautzen"$"https://d-nb.info/gnd/4004968-1"$"Sächsische Landesbibliothek – Staats- und Universitätsbibliothek Dresden"$"https://d-nb.info/gnd/5165770-3"$"Dresden"$"https://d-nb.info/gnd/4012995-0"
"40"$"M I 57"$"https://iiif.slub-dresden.de/iiif/2/1887541101/manifest.json"$"https://nbn-resolving.de/urn:nbn:de:bsz:14-db-id18875411017"$"https://images.iiif.slub-dresden.de/iiif/2/data%2Fkitodo%2FSammvoReP_1887541101%2FSammvoReP_1887541101_tif%2Fjpegs%2F00000001.tif.medium.jpg/full/,200/0/default.jpg"$"Komplett"$"Original"$"Standard"$"Einzelseite"$""$"2024"$"Diözesan- und Domstiftsbibliothek"$"https://d-nb.info/gnd/1027608000"$"Bautzen"$"https://d-nb.info/gnd/4004968-1"$"Sächsische Landesbibliothek – Staats- und Universitätsbibliothek Dresden"$"https://d-nb.info/gnd/5165770-3"$"Dresden"$"https://d-nb.info/gnd/4012995-0"
"41"$"M I 61"$"https://iiif.slub-dresden.de/iiif/2/1887404589/manifest.json"$"https://nbn-resolving.de/urn:nbn:de:bsz:14-db-id18874045893"$"https://images.iiif.slub-dresden.de/iiif/2/data%2Fkitodo%2FVorlbAr_1887404589%2FVorlbAr_1887404589_tif%2Fjpegs%2F00000001.tif.medium.jpg/full/,200/0/default.jpg"$"Komplett"$"Original"$"Standard"$"Einzelseite"$""$"2024"$"Diözesan- und Domstiftsbibliothek"$"https://d-nb.info/gnd/1027608000"$"Bautzen"$"https://d-nb.info/gnd/4004968-1"$"Sächsische Landesbibliothek – Staats- und Universitätsbibliothek Dresden"$"https://d-nb.info/gnd/5165770-3"$"Dresden"$"https://d-nb.info/gnd/4012995-0"
"42"$"M I 66"$"https://iiif.slub-dresden.de/iiif/2/1887553517/manifest.json"$"https://nbn-resolving.de/urn:nbn:de:bsz:14-db-id18875535171"$"https://images.iiif.slub-dresden.de/iiif/2/data%2Fkitodo%2FVorlbAr_1887553517%2FVorlbAr_1887553517_tif%2Fjpegs%2F00000001.tif.medium.jpg/full/,200/0/default.jpg"$"Komplett"$"Original"$"Standard"$"Einzelseite"$""$"2024"$"Diözesan- und Domstiftsbibliothek"$"https://d-nb.info/gnd/1027608000"$"Bautzen"$"https://d-nb.info/gnd/4004968-1"$"Sächsische Landesbibliothek – Staats- und Universitätsbibliothek Dresden"$"https://d-nb.info/gnd/5165770-3"$"Dresden"$"https://d-nb.info/gnd/4012995-0"
"43"$"M I 71"$"https://iiif.slub-dresden.de/iiif/2/1887500928/manifest.json"$"https://nbn-resolving.de/urn:nbn:de:bsz:14-db-id18875009282"$"https://images.iiif.slub-dresden.de/iiif/2/data%2Fkitodo%2FTheoCoM_1887500928%2FTheoCoM_1887500928_tif%2Fjpegs%2F00000001.tif.medium.jpg/full/,200/0/default.jpg"$"Komplett"$"Original"$"Standard"$"Einzelseite"$""$"2024"$"Diözesan- und Domstiftsbibliothek"$"https://d-nb.info/gnd/1027608000"$"Bautzen"$"https://d-nb.info/gnd/4004968-1"$"Sächsische Landesbibliothek – Staats- und Universitätsbibliothek Dresden"$"https://d-nb.info/gnd/5165770-3"$"Dresden"$"https://d-nb.info/gnd/4012995-0"
"44"$"M I 88"$"https://iiif.slub-dresden.de/iiif/2/1887511385/manifest.json"$"https://nbn-resolving.de/urn:nbn:de:bsz:14-db-id18875113851"$"https://images.iiif.slub-dresden.de/iiif/2/data%2Fkitodo%2FVorlbAr_1887511385%2FVorlbAr_1887511385_tif%2Fjpegs%2F00000001.tif.medium.jpg/full/,200/0/default.jpg"$"Komplett"$"Original"$"Standard"$"Einzelseite"$""$"2024"$"Diözesan- und Domstiftsbibliothek"$"https://d-nb.info/gnd/1027608000"$"Bautzen"$"https://d-nb.info/gnd/4004968-1"$"Sächsische Landesbibliothek – Staats- und Universitätsbibliothek Dresden"$"https://d-nb.info/gnd/5165770-3"$"Dresden"$"https://d-nb.info/gnd/4012995-0"
"45"$"M I 90"$"https://iiif.slub-dresden.de/iiif/2/1888007540/manifest.json"$"https://nbn-resolving.de/urn:nbn:de:bsz:14-db-id18880075409"$"https://images.iiif.slub-dresden.de/iiif/2/data%2Fkitodo%2FTheoVoK_1888007540%2FTheoVoK_1888007540_tif%2Fjpegs%2F00000001.tif.medium.jpg/full/,200/0/default.jpg"$"Komplett"$"Original"$"Standard"$"Einzelseite"$""$"2024"$"Diözesan- und Domstiftsbibliothek"$"https://d-nb.info/gnd/1027608000"$"Bautzen"$"https://d-nb.info/gnd/4004968-1"$"Sächsische Landesbibliothek – Staats- und Universitätsbibliothek Dresden"$"https://d-nb.info/gnd/5165770-3"$"Dresden"$"https://d-nb.info/gnd/4012995-0"
"46"$"M I 94"$"https://iiif.slub-dresden.de/iiif/2/1887419365/manifest.json"$"https://nbn-resolving.de/urn:nbn:de:bsz:14-db-id18874193654"$"https://images.iiif.slub-dresden.de/iiif/2/data%2Fkitodo%2FVorlzuAr_1887419365%2FVorlzuAr_1887419365_tif%2Fjpegs%2F00000001.tif.medium.jpg/full/,200/0/default.jpg"$"Komplett"$"Original"$"Standard"$"Einzelseite"$""$"2024"$"Diözesan- und Domstiftsbibliothek"$"https://d-nb.info/gnd/1027608000"$"Bautzen"$"https://d-nb.info/gnd/4004968-1"$"Sächsische Landesbibliothek – Staats- und Universitätsbibliothek Dresden"$"https://d-nb.info/gnd/5165770-3"$"Dresden"$"https://d-nb.info/gnd/4012995-0"
"47"$"M I 97"$"https://iiif.slub-dresden.de/iiif/2/1887992731/manifest.json"$"https://nbn-resolving.de/urn:nbn:de:bsz:14-db-id18879927314"$"https://images.iiif.slub-dresden.de/iiif/2/data%2Fkitodo%2FAsseThDeJ_1887992731%2FAsseThDeJ_1887992731_tif%2Fjpegs%2F00000001.tif.medium.jpg/full/,200/0/default.jpg"$"Komplett"$"Original"$"Standard"$"Einzelseite"$""$"2024"$"Diözesan- und Domstiftsbibliothek"$"https://d-nb.info/gnd/1027608000"$"Bautzen"$"https://d-nb.info/gnd/4004968-1"$"Sächsische Landesbibliothek – Staats- und Universitätsbibliothek Dresden"$"https://d-nb.info/gnd/5165770-3"$"Dresden"$"https://d-nb.info/gnd/4012995-0"
"48"$"M I 97"$"https://iiif.slub-dresden.de/iiif/2/1887964894/manifest.json"$"https://nbn-resolving.de/urn:nbn:de:bsz:14-db-id18879648942"$"https://images.iiif.slub-dresden.de/iiif/2/data%2Fkitodo%2FMoraVoK_1887964894%2FMoraVoK_1887964894_tif%2Fjpegs%2F00000001.tif.medium.jpg/full/,200/0/default.jpg"$"Komplett"$"Original"$"Standard"$"Einzelseite"$""$"2024"$"Diözesan- und Domstiftsbibliothek"$"https://d-nb.info/gnd/1027608000"$"Bautzen"$"https://d-nb.info/gnd/4004968-1"$"Sächsische Landesbibliothek – Staats- und Universitätsbibliothek Dresden"$"https://d-nb.info/gnd/5165770-3"$"Dresden"$"https://d-nb.info/gnd/4012995-0"
"49"$"M I 97"$"https://iiif.slub-dresden.de/iiif/2/1888002085/manifest.json"$"https://nbn-resolving.de/urn:nbn:de:bsz:14-db-id18880020852"$"https://images.iiif.slub-dresden.de/iiif/2/data%2Fkitodo%2FThesThDeV_1888002085%2FThesThDeV_1888002085_tif%2Fjpegs%2F00000001.tif.medium.jpg/full/,200/0/default.jpg"$"Komplett"$"Original"$"Standard"$"Einzelseite"$""$"2024"$"Diözesan- und Domstiftsbibliothek"$"https://d-nb.info/gnd/1027608000"$"Bautzen"$"https://d-nb.info/gnd/4004968-1"$"Sächsische Landesbibliothek – Staats- und Universitätsbibliothek Dresden"$"https://d-nb.info/gnd/5165770-3"$"Dresden"$"https://d-nb.info/gnd/4012995-0"
"50"$"M I 99"$"https://iiif.slub-dresden.de/iiif/2/1887438270/manifest.json"$"https://nbn-resolving.de/urn:nbn:de:bsz:14-db-id18874382701"$"https://images.iiif.slub-dresden.de/iiif/2/data%2Fkitodo%2FSacrHoCoQ_1887438270%2FSacrHoCoQ_1887438270_tif%2Fjpegs%2F00000001.tif.medium.jpg/full/,200/0/default.jpg"$"Komplett"$"Original"$"Standard"$"Einzelseite"$""$"2024"$"Diözesan- und Domstiftsbibliothek"$"https://d-nb.info/gnd/1027608000"$"Bautzen"$"https://d-nb.info/gnd/4004968-1"$"Sächsische Landesbibliothek – Staats- und Universitätsbibliothek Dresden"$"https://d-nb.info/gnd/5165770-3"$"Dresden"$"https://d-nb.info/gnd/4012995-0"
"51"$"M I 100"$"https://iiif.slub-dresden.de/iiif/2/1887517200/manifest.json"$"https://nbn-resolving.de/urn:nbn:de:bsz:14-db-id18875172008"$"https://images.iiif.slub-dresden.de/iiif/2/data%2Fkitodo%2FTheoPrM_1887517200%2FTheoPrM_1887517200_tif%2Fjpegs%2F00000001.tif.medium.jpg/full/,200/0/default.jpg"$"Komplett"$"Original"$"Standard"$"Einzelseite"$""$"2024"$"Diözesan- und Domstiftsbibliothek"$"https://d-nb.info/gnd/1027608000"$"Bautzen"$"https://d-nb.info/gnd/4004968-1"$"Sächsische Landesbibliothek – Staats- und Universitätsbibliothek Dresden"$"https://d-nb.info/gnd/5165770-3"$"Dresden"$"https://d-nb.info/gnd/4012995-0"
"52"$"M I 103"$"https://iiif.slub-dresden.de/iiif/2/1887533591/manifest.json"$"https://nbn-resolving.de/urn:nbn:de:bsz:14-db-id18875335914"$"https://images.iiif.slub-dresden.de/iiif/2/data%2Fkitodo%2FReveEtAmP_1887533591%2FReveEtAmP_1887533591_tif%2Fjpegs%2F00000001.tif.medium.jpg/full/,200/0/default.jpg"$"Komplett"$"Original"$"Standard"$"Einzelseite"$""$"2024"$"Diözesan- und Domstiftsbibliothek"$"https://d-nb.info/gnd/1027608000"$"Bautzen"$"https://d-nb.info/gnd/4004968-1"$"Sächsische Landesbibliothek – Staats- und Universitätsbibliothek Dresden"$"https://d-nb.info/gnd/5165770-3"$"Dresden"$"https://d-nb.info/gnd/4012995-0"
"53"$"M II 13"$"https://iiif.slub-dresden.de/iiif/2/1887538496/manifest.json"$"https://nbn-resolving.de/urn:nbn:de:bsz:14-db-id18875384969"$"https://images.iiif.slub-dresden.de/iiif/2/data%2Fkitodo%2FKoraMI_1887538496%2FKoraMI_1887538496_tif%2Fjpegs%2F00000001.tif.medium.jpg/full/,200/0/default.jpg"$"Komplett"$"Original"$"Standard"$"Einzelseite"$""$"2024"$"Diözesan- und Domstiftsbibliothek"$"https://d-nb.info/gnd/1027608000"$"Bautzen"$"https://d-nb.info/gnd/4004968-1"$"Sächsische Landesbibliothek – Staats- und Universitätsbibliothek Dresden"$"https://d-nb.info/gnd/5165770-3"$"Dresden"$"https://d-nb.info/gnd/4012995-0"
"54"$"M II 93"$"https://iiif.slub-dresden.de/iiif/2/1887394591/manifest.json"$"https://nbn-resolving.de/urn:nbn:de:bsz:14-db-id18873945915"$"https://images.iiif.slub-dresden.de/iiif/2/data%2Fkitodo%2FMissdeStB_1887394591%2FMissdeStB_1887394591_tif%2Fjpegs%2F00000001.tif.medium.jpg/full/,200/0/default.jpg"$"Komplett"$"Original"$"Standard"$"Einzelseite"$""$"2024"$"Diözesan- und Domstiftsbibliothek"$"https://d-nb.info/gnd/1027608000"$"Bautzen"$"https://d-nb.info/gnd/4004968-1"$"Sächsische Landesbibliothek – Staats- und Universitätsbibliothek Dresden"$"https://d-nb.info/gnd/5165770-3"$"Dresden"$"https://d-nb.info/gnd/4012995-0"
"55"$"I 22"$"https://iiif.slub-dresden.de/iiif/2/1888478586/manifest.json"$"https://nbn-resolving.de/urn:nbn:de:bsz:14-db-id18884785864"$"https://images.iiif.slub-dresden.de/iiif/2/data%2Fkitodo%2FAntiFI_1888478586%2FAntiFI_1888478586_tif%2Fjpegs%2F00000001.tif.medium.jpg/full/,200/0/default.jpg"$"Komplett"$"Original"$"Standard"$"Einzelseite"$""$"2024"$"Diözesan- und Domstiftsbibliothek"$"https://d-nb.info/gnd/1027608000"$"Bautzen"$"https://d-nb.info/gnd/4004968-1"$"Sächsische Landesbibliothek – Staats- und Universitätsbibliothek Dresden"$"https://d-nb.info/gnd/5165770-3"$"Dresden"$"https://d-nb.info/gnd/4012995-0"
"56"$"I 22"$"https://iiif.slub-dresden.de/iiif/2/1888475951/manifest.json"$"https://nbn-resolving.de/urn:nbn:de:bsz:14-db-id18884759518"$"https://images.iiif.slub-dresden.de/iiif/2/data%2Fkitodo%2FSerdisE_1888475951%2FSerdisE_1888475951_tif%2Fjpegs%2F00000001.tif.medium.jpg/full/,200/0/default.jpg"$"Komplett"$"Original"$"Standard"$"Einzelseite"$""$"2024"$"Diözesan- und Domstiftsbibliothek"$"https://d-nb.info/gnd/1027608000"$"Bautzen"$"https://d-nb.info/gnd/4004968-1"$"Sächsische Landesbibliothek – Staats- und Universitätsbibliothek Dresden"$"https://d-nb.info/gnd/5165770-3"$"Dresden"$"https://d-nb.info/gnd/4012995-0"
"57"$"I 22"$"https://iiif.slub-dresden.de/iiif/2/1888493739/manifest.json"$"https://nbn-resolving.de/urn:nbn:de:bsz:14-db-id18884937391"$"https://images.iiif.slub-dresden.de/iiif/2/data%2Fkitodo%2FCollsumap_1888493739%2FCollsumap_1888493739_tif%2Fjpegs%2F00000001.tif.medium.jpg/full/,200/0/default.jpg"$"Komplett"$"Original"$"Standard"$"Einzelseite"$""$"2024"$"Diözesan- und Domstiftsbibliothek"$"https://d-nb.info/gnd/1027608000"$"Bautzen"$"https://d-nb.info/gnd/4004968-1"$"Sächsische Landesbibliothek – Staats- und Universitätsbibliothek Dresden"$"https://d-nb.info/gnd/5165770-3"$"Dresden"$"https://d-nb.info/gnd/4012995-0"
"58"$"I 82"$"https://iiif.slub-dresden.de/iiif/2/188849705X/manifest.json"$"https://nbn-resolving.de/urn:nbn:de:bsz:14-db-id188849705X6"$"https://images.iiif.slub-dresden.de/iiif/2/data%2Fkitodo%2FInderezue_188849705X%2FInderezue_188849705X_tif%2Fjpegs%2F00000001.tif.medium.jpg/full/,200/0/default.jpg"$"Komplett"$"Original"$"Standard"$"Einzelseite"$""$"2024"$"Diözesan- und Domstiftsbibliothek"$"https://d-nb.info/gnd/1027608000"$"Bautzen"$"https://d-nb.info/gnd/4004968-1"$"Sächsische Landesbibliothek – Staats- und Universitätsbibliothek Dresden"$"https://d-nb.info/gnd/5165770-3"$"Dresden"$"https://d-nb.info/gnd/4012995-0"
"59"$"M I 75"$"https://iiif.slub-dresden.de/iiif/2/1921829184/manifest.json"$"https://nbn-resolving.de/urn:nbn:de:bsz:14-db-id19218291844"$"https://images.iiif.slub-dresden.de/iiif/2/data%2Fkitodo%2FJuriSaM_1921829184%2FJuriSaM_1921829184_tif%2Fjpegs%2F00000005.tif.medium.jpg/full/,200/0/default.jpg"$"Komplett"$"Original"$"Standard"$"Einzelseite"$""$"2025"$"Diözesan- und Domstiftsbibliothek"$"https://d-nb.info/gnd/1027608000"$"Bautzen"$"https://d-nb.info/gnd/4004968-1"$"Sächsische Landesbibliothek – Staats- und Universitätsbibliothek Dresden"$"https://d-nb.info/gnd/5165770-3"$"Dresden"$"https://d-nb.info/gnd/4012995-0"
"60"$"M I 78"$"https://iiif.slub-dresden.de/iiif/2/1921825464/manifest.json"$"https://nbn-resolving.de/urn:nbn:de:bsz:14-db-id19218254641"$"https://images.iiif.slub-dresden.de/iiif/2/data%2Fkitodo%2FKollzueim_1921825464%2FKollzueim_1921825464_tif%2Fjpegs%2F00000017.tif.medium.jpg/full/,200/0/default.jpg"$"Komplett"$"Original"$"Standard"$"Einzelseite"$""$"2025"$"Diözesan- und Domstiftsbibliothek"$"https://d-nb.info/gnd/1027608000"$"Bautzen"$"https://d-nb.info/gnd/4004968-1"$"Sächsische Landesbibliothek – Staats- und Universitätsbibliothek Dresden"$"https://d-nb.info/gnd/5165770-3"$"Dresden"$"https://d-nb.info/gnd/4012995-0"
"61"$"M I 80"$"https://iiif.slub-dresden.de/iiif/2/1921822309/manifest.json"$"https://nbn-resolving.de/urn:nbn:de:bsz:14-db-id19218223096"$"https://images.iiif.slub-dresden.de/iiif/2/data%2Fkitodo%2FKollzuVo_1921822309%2FKollzuVo_1921822309_tif%2Fjpegs%2F00000007.tif.medium.jpg/full/,200/0/default.jpg"$"Komplett"$"Original"$"Standard"$"Einzelseite"$""$"2025"$"Diözesan- und Domstiftsbibliothek"$"https://d-nb.info/gnd/1027608000"$"Bautzen"$"https://d-nb.info/gnd/4004968-1"$"Sächsische Landesbibliothek – Staats- und Universitätsbibliothek Dresden"$"https://d-nb.info/gnd/5165770-3"$"Dresden"$"https://d-nb.info/gnd/4012995-0"
"62"$"M I 83a"$"https://iiif.slub-dresden.de/iiif/2/1921795549/manifest.json"$"https://nbn-resolving.de/urn:nbn:de:bsz:14-db-id19217955499 "$"https://images.iiif.slub-dresden.de/iiif/2/data%2Fkitodo%2FMI83_1921795549_0001%2FMI83_1921795549_0001_tif%2Fjpegs%2F00000009.tif.medium.jpg/full/,200/0/default.jpg"$"Komplett"$"Original"$"Standard"$"Einzelseite"$""$"2025"$"Diözesan- und Domstiftsbibliothek"$"https://d-nb.info/gnd/1027608000"$"Bautzen"$"https://d-nb.info/gnd/4004968-1"$"Sächsische Landesbibliothek – Staats- und Universitätsbibliothek Dresden"$"https://d-nb.info/gnd/5165770-3"$"Dresden"$"https://d-nb.info/gnd/4012995-0"
"63"$"M I 83b"$"https://iiif.slub-dresden.de/iiif/2/1921796472/manifest.json"$"https://nbn-resolving.de/urn:nbn:de:bsz:14-db-id19217964726"$"https://images.iiif.slub-dresden.de/iiif/2/data%2Fkitodo%2FMI83_1921796472_0002%2FMI83_1921796472_0002_tif%2Fjpegs%2F00000015.tif.medium.jpg/full/,200/0/default.jpg"$"Komplett"$"Original"$"Standard"$"Einzelseite"$""$"2025"$"Diözesan- und Domstiftsbibliothek"$"https://d-nb.info/gnd/1027608000"$"Bautzen"$"https://d-nb.info/gnd/4004968-1"$"Sächsische Landesbibliothek – Staats- und Universitätsbibliothek Dresden"$"https://d-nb.info/gnd/5165770-3"$"Dresden"$"https://d-nb.info/gnd/4012995-0"
"64"$"M I 84"$"https://iiif.slub-dresden.de/iiif/2/1921809906/manifest.json"$"https://nbn-resolving.de/urn:nbn:de:bsz:14-db-id19218099069"$"https://images.iiif.slub-dresden.de/iiif/2/data%2Fkitodo%2FPredMI_1921809906%2FPredMI_1921809906_tif%2Fjpegs%2F00000005.tif.medium.jpg/full/,200/0/default.jpg"$"Komplett"$"Original"$"Standard"$"Einzelseite"$""$"2025"$"Diözesan- und Domstiftsbibliothek"$"https://d-nb.info/gnd/1027608000"$"Bautzen"$"https://d-nb.info/gnd/4004968-1"$"Sächsische Landesbibliothek – Staats- und Universitätsbibliothek Dresden"$"https://d-nb.info/gnd/5165770-3"$"Dresden"$"https://d-nb.info/gnd/4012995-0"
"65"$"M I 85"$"https://iiif.slub-dresden.de/iiif/2/1921816015/manifest.json"$"https://nbn-resolving.de/urn:nbn:de:bsz:14-db-id19218160150"$"https://images.iiif.slub-dresden.de/iiif/2/data%2Fkitodo%2FSchusafJ_1921816015%2FSchusafJ_1921816015_tif%2Fjpegs%2F00000005.tif.medium.jpg/full/,200/0/default.jpg"$"Komplett"$"Original"$"Standard"$"Einzelseite"$""$"2025"$"Diözesan- und Domstiftsbibliothek"$"https://d-nb.info/gnd/1027608000"$"Bautzen"$"https://d-nb.info/gnd/4004968-1"$"Sächsische Landesbibliothek – Staats- und Universitätsbibliothek Dresden"$"https://d-nb.info/gnd/5165770-3"$"Dresden"$"https://d-nb.info/gnd/4012995-0"
"66"$"M I 250"$"https://iiif.slub-dresden.de/iiif/2/1839138254/manifest.json"$"https://nbn-resolving.de/urn:nbn:de:bsz:14-db-id18391382545"$"https://images.iiif.slub-dresden.de/iiif/2/data%2Fkitodo%2FUibediSt_1839138254%2FUibediSt_1839138254_tif%2Fjpegs%2F00000003.tif.medium.jpg/full/,200/0/default.jpg"$"Komplett"$"Original"$"Standard"$"Einzelseite"$""$"2023"$"Diözesan- und Domstiftsbibliothek"$"https://d-nb.info/gnd/1027608000"$"Bautzen"$"https://d-nb.info/gnd/4004968-1"$"Sächsische Landesbibliothek – Staats- und Universitätsbibliothek Dresden"$"https://d-nb.info/gnd/5165770-3"$"Dresden"$"https://d-nb.info/gnd/4012995-0"
"67"$"M I 275"$"https://iiif.slub-dresden.de/iiif/2/1806965739/manifest.json"$"https://nbn-resolving.de/urn:nbn:de:bsz:14-db-id18069657390"$"https://images.iiif.slub-dresden.de/iiif/2/data%2Fkitodo%2FBolzEtwa_1806965739%2FBolzEtwa_1806965739_tif%2Fjpegs%2F00000001.tif.medium.jpg/full/,200/0/default.jpg"$"Komplett"$"Original"$"Standard"$"Einzelseite"$""$"2022"$"Diözesan- und Domstiftsbibliothek"$"https://d-nb.info/gnd/1027608000"$"Bautzen"$"https://d-nb.info/gnd/4004968-1"$"Sächsische Landesbibliothek – Staats- und Universitätsbibliothek Dresden"$"https://d-nb.info/gnd/5165770-3"$"Dresden"$"https://d-nb.info/gnd/4012995-0"
"68"$"M I 281"$"https://iiif.slub-dresden.de/iiif/2/1807020215/manifest.json"$"https://nbn-resolving.de/urn:nbn:de:bsz:14-db-id18070202157"$"https://images.iiif.slub-dresden.de/iiif/2/data%2Fkitodo%2FBolzEtwa_1807020215%2FBolzEtwa_1807020215_tif%2Fjpegs%2F00000005.tif.medium.jpg/full/,200/0/default.jpg"$"Komplett"$"Original"$"Standard"$"Einzelseite"$""$"2022"$"Diözesan- und Domstiftsbibliothek"$"https://d-nb.info/gnd/1027608000"$"Bautzen"$"https://d-nb.info/gnd/4004968-1"$"Sächsische Landesbibliothek – Staats- und Universitätsbibliothek Dresden"$"https://d-nb.info/gnd/5165770-3"$"Dresden"$"https://d-nb.info/gnd/4012995-0"
"69"$"M I 289"$"https://iiif.slub-dresden.de/iiif/2/1839133147/manifest.json"$"https://nbn-resolving.de/urn:nbn:de:bsz:14-db-id18391331474"$"https://images.iiif.slub-dresden.de/iiif/2/data%2Fkitodo%2FKathGlM_1839133147%2FKathGlM_1839133147_tif%2Fjpegs%2F00000001.tif.medium.jpg/full/,200/0/default.jpg"$"Komplett"$"Original"$"Standard"$"Einzelseite"$""$"2023"$"Diözesan- und Domstiftsbibliothek"$"https://d-nb.info/gnd/1027608000"$"Bautzen"$"https://d-nb.info/gnd/4004968-1"$"Sächsische Landesbibliothek – Staats- und Universitätsbibliothek Dresden"$"https://d-nb.info/gnd/5165770-3"$"Dresden"$"https://d-nb.info/gnd/4012995-0"
"70"$"M I 293"$"https://iiif.slub-dresden.de/iiif/2/1888023910/manifest.json"$"https://nbn-resolving.de/urn:nbn:de:bsz:14-db-id18880239108"$"https://images.iiif.slub-dresden.de/iiif/2/data%2Fkitodo%2FLebeMI_1888023910%2FLebeMI_1888023910_tif%2Fjpegs%2F00000001.tif.medium.jpg/full/,200/0/default.jpg"$"Komplett"$"Original"$"Standard"$"Einzelseite"$""$"2024"$"Diözesan- und Domstiftsbibliothek"$"https://d-nb.info/gnd/1027608000"$"Bautzen"$"https://d-nb.info/gnd/4004968-1"$"Sächsische Landesbibliothek – Staats- und Universitätsbibliothek Dresden"$"https://d-nb.info/gnd/5165770-3"$"Dresden"$"https://d-nb.info/gnd/4012995-0"
"71"$"M I 296"$"https://iiif.slub-dresden.de/iiif/2/1839142960/manifest.json"$"https://nbn-resolving.de/urn:nbn:de:bsz:14-db-id18391429603"$"https://images.iiif.slub-dresden.de/iiif/2/data%2Fkitodo%2FPechKoll_1839142960%2FPechKoll_1839142960_tif%2Fjpegs%2F00000002.tif.medium.jpg/full/,200/0/default.jpg"$"Komplett"$"Original"$"Standard"$"Einzelseite"$""$"2023"$"Diözesan- und Domstiftsbibliothek"$"https://d-nb.info/gnd/1027608000"$"Bautzen"$"https://d-nb.info/gnd/4004968-1"$"Sächsische Landesbibliothek – Staats- und Universitätsbibliothek Dresden"$"https://d-nb.info/gnd/5165770-3"$"Dresden"$"https://d-nb.info/gnd/4012995-0"
"72"$"M II 25"$"https://iiif.slub-dresden.de/iiif/2/1807021459/manifest.json"$"https://nbn-resolving.de/urn:nbn:de:bsz:14-db-id18070214597"$"https://images.iiif.slub-dresden.de/iiif/2/data%2Fkitodo%2FSammPrunA_1807021459%2FSammPrunA_1807021459_tif%2Fjpegs%2F00000001.tif.medium.jpg/full/,200/0/default.jpg"$"Komplett"$"Original"$"Standard"$"Einzelseite"$""$"2022"$"Diözesan- und Domstiftsbibliothek"$"https://d-nb.info/gnd/1027608000"$"Bautzen"$"https://d-nb.info/gnd/4004968-1"$"Sächsische Landesbibliothek – Staats- und Universitätsbibliothek Dresden"$"https://d-nb.info/gnd/5165770-3"$"Dresden"$"https://d-nb.info/gnd/4012995-0"
"73"$"M II 41"$"https://iiif.slub-dresden.de/iiif/2/1839141891/manifest.json"$"https://nbn-resolving.de/urn:nbn:de:bsz:14-db-id18391418912"$"https://images.iiif.slub-dresden.de/iiif/2/data%2Fkitodo%2FGescdePh_1839141891%2FGescdePh_1839141891_tif%2Fjpegs%2F00000001.tif.medium.jpg/full/,200/0/default.jpg"$"Komplett"$"Original"$"Standard"$"Einzelseite"$""$"2023"$"Diözesan- und Domstiftsbibliothek"$"https://d-nb.info/gnd/1027608000"$"Bautzen"$"https://d-nb.info/gnd/4004968-1"$"Sächsische Landesbibliothek – Staats- und Universitätsbibliothek Dresden"$"https://d-nb.info/gnd/5165770-3"$"Dresden"$"https://d-nb.info/gnd/4012995-0"
"74"$"M II 57"$"https://iiif.slub-dresden.de/iiif/2/183913111X/manifest.json"$"https://nbn-resolving.de/urn:nbn:de:bsz:14-db-id183913111X4"$"https://images.iiif.slub-dresden.de/iiif/2/data%2Fkitodo%2FLeitzus_183913111X%2FLeitzus_183913111X_tif%2Fjpegs%2F00000001.tif.medium.jpg/full/,200/0/default.jpg"$"Komplett"$"Original"$"Standard"$"Einzelseite"$""$"2023"$"Diözesan- und Domstiftsbibliothek"$"https://d-nb.info/gnd/1027608000"$"Bautzen"$"https://d-nb.info/gnd/4004968-1"$"Sächsische Landesbibliothek – Staats- und Universitätsbibliothek Dresden"$"https://d-nb.info/gnd/5165770-3"$"Dresden"$"https://d-nb.info/gnd/4012995-0"
"75"$"M II 60"$"https://iiif.slub-dresden.de/iiif/2/1887537112/manifest.json"$"https://nbn-resolving.de/urn:nbn:de:bsz:14-db-id18875371125"$"https://images.iiif.slub-dresden.de/iiif/2/data%2Fkitodo%2FKollzuVo_1887537112%2FKollzuVo_1887537112_tif%2Fjpegs%2F00000003.tif.medium.jpg/full/,200/0/default.jpg"$"Komplett"$"Original"$"Standard"$"Einzelseite"$""$"2024"$"Diözesan- und Domstiftsbibliothek"$"https://d-nb.info/gnd/1027608000"$"Bautzen"$"https://d-nb.info/gnd/4004968-1"$"Sächsische Landesbibliothek – Staats- und Universitätsbibliothek Dresden"$"https://d-nb.info/gnd/5165770-3"$"Dresden"$"https://d-nb.info/gnd/4012995-0"
"76"$"M II 79"$"https://iiif.slub-dresden.de/iiif/2/1807020517/manifest.json"$"https://nbn-resolving.de/urn:nbn:de:bsz:14-db-id18070205175"$"https://images.iiif.slub-dresden.de/iiif/2/data%2Fkitodo%2FBolzUebe_1807020517%2FBolzUebe_1807020517_tif%2Fjpegs%2F00000003.tif.medium.jpg/full/,200/0/default.jpg"$"Komplett"$"Original"$"Standard"$"Einzelseite"$""$"2022"$"Diözesan- und Domstiftsbibliothek"$"https://d-nb.info/gnd/1027608000"$"Bautzen"$"https://d-nb.info/gnd/4004968-1"$"Sächsische Landesbibliothek – Staats- und Universitätsbibliothek Dresden"$"https://d-nb.info/gnd/5165770-3"$"Dresden"$"https://d-nb.info/gnd/4012995-0"
"77"$"M II 8"$"https://iiif.slub-dresden.de/iiif/2/1839086467/manifest.json"$"https://nbn-resolving.de/urn:nbn:de:bsz:14-db-id18390864672"$"https://images.iiif.slub-dresden.de/iiif/2/data%2Fkitodo%2FAbhazusu_1839086467%2FAbhazusu_1839086467_tif%2Fjpegs%2F00000007.tif.medium.jpg/full/,200/0/default.jpg"$"Komplett"$"Original"$"Standard"$"Einzelseite"$""$"2023"$"Diözesan- und Domstiftsbibliothek"$"https://d-nb.info/gnd/1027608000"$"Bautzen"$"https://d-nb.info/gnd/4004968-1"$"Sächsische Landesbibliothek – Staats- und Universitätsbibliothek Dresden"$"https://d-nb.info/gnd/5165770-3"$"Dresden"$"https://d-nb.info/gnd/4012995-0"
"78"$"M II 87"$"https://iiif.slub-dresden.de/iiif/2/1839139277/manifest.json"$"https://nbn-resolving.de/urn:nbn:de:bsz:14-db-id18391392770"$"https://images.iiif.slub-dresden.de/iiif/2/data%2Fkitodo%2FVerseineW_1839139277%2FVerseineW_1839139277_tif%2Fjpegs%2F00000001.tif.medium.jpg/full/,200/0/default.jpg"$"Komplett"$"Original"$"Standard"$"Einzelseite"$""$"2023"$"Diözesan- und Domstiftsbibliothek"$"https://d-nb.info/gnd/1027608000"$"Bautzen"$"https://d-nb.info/gnd/4004968-1"$"Sächsische Landesbibliothek – Staats- und Universitätsbibliothek Dresden"$"https://d-nb.info/gnd/5165770-3"$"Dresden"$"https://d-nb.info/gnd/4012995-0"
"79"$"M I 99"$"https://iiif.slub-dresden.de/iiif/2/1887427201/manifest.json"$"https://nbn-resolving.de/urn:nbn:de:bsz:14-db-id18874272011"$"https://images.iiif.slub-dresden.de/iiif/2/data%2Fkitodo%2FKollzuPhd_1887427201%2FKollzuPhd_1887427201_tif%2Fjpegs%2F00000005.tif.medium.jpg/full/,200/0/default.jpg"$"Komplett"$"Original"$"Standard"$"Einzelseite"$""$"2024"$"Diözesan- und Domstiftsbibliothek"$"https://d-nb.info/gnd/1027608000"$"Bautzen"$"https://d-nb.info/gnd/4004968-1"$"Sächsische Landesbibliothek – Staats- und Universitätsbibliothek Dresden"$"https://d-nb.info/gnd/5165770-3"$"Dresden"$"https://d-nb.info/gnd/4012995-0"
"80"$"M II 71"$"https://iiif.slub-dresden.de/iiif/2/180687265X/manifest.json"$"https://nbn-resolving.de/urn:nbn:de:bsz:14-db-id180687265X1"$"https://images.iiif.slub-dresden.de/iiif/2/data%2Fkitodo%2FBolzLehr_180687265X_0001%2FBolzLehr_180687265X_0001_tif%2Fjpegs%2F00000007.tif.medium.jpg/full/,200/0/default.jpg"$"Komplett"$"Original"$"Standard"$"Einzelseite"$""$"2022"$"Diözesan- und Domstiftsbibliothek"$"https://d-nb.info/gnd/1027608000"$"Bautzen"$"https://d-nb.info/gnd/4004968-1"$"Sächsische Landesbibliothek – Staats- und Universitätsbibliothek Dresden"$"https://d-nb.info/gnd/5165770-3"$"Dresden"$"https://d-nb.info/gnd/4012995-0"
"81"$"M II 31"$"https://iiif.slub-dresden.de/iiif/2/1806943050/manifest.json"$"https://nbn-resolving.de/urn:nbn:de:bsz:14-db-id18069430500"$"https://images.iiif.slub-dresden.de/iiif/2/data%2Fkitodo%2FBolzLehr_1806943050_0003_1%2FBolzLehr_1806943050_0003_1_tif%2Fjpegs%2F00000005.tif.medium.jpg/full/,200/0/default.jpg"$"Komplett"$"Original"$"Standard"$"Einzelseite"$""$"2022"$"Diözesan- und Domstiftsbibliothek"$"https://d-nb.info/gnd/1027608000"$"Bautzen"$"https://d-nb.info/gnd/4004968-1"$"Sächsische Landesbibliothek – Staats- und Universitätsbibliothek Dresden"$"https://d-nb.info/gnd/5165770-3"$"Dresden"$"https://d-nb.info/gnd/4012995-0"
"82"$"M II 51"$"https://iiif.slub-dresden.de/iiif/2/1806945630/manifest.json"$"https://nbn-resolving.de/urn:nbn:de:bsz:14-db-id18069456304"$"https://images.iiif.slub-dresden.de/iiif/2/data%2Fkitodo%2FBolzLehr_1806945630_0003_2%2FBolzLehr_1806945630_0003_2_tif%2Fjpegs%2F00000005.tif.medium.jpg/full/,200/0/default.jpg"$"Komplett"$"Original"$"Standard"$"Einzelseite"$""$"2022"$"Diözesan- und Domstiftsbibliothek"$"https://d-nb.info/gnd/1027608000"$"Bautzen"$"https://d-nb.info/gnd/4004968-1"$"Sächsische Landesbibliothek – Staats- und Universitätsbibliothek Dresden"$"https://d-nb.info/gnd/5165770-3"$"Dresden"$"https://d-nb.info/gnd/4012995-0"
"83"$"M II 33"$"https://iiif.slub-dresden.de/iiif/2/1806948192/manifest.json"$"https://nbn-resolving.de/urn:nbn:de:bsz:14-db-id18069481924"$"https://images.iiif.slub-dresden.de/iiif/2/data%2Fkitodo%2FBolzLehr_1806948192_0003_3%2FBolzLehr_1806948192_0003_3_tif%2Fjpegs%2F00000005.tif.medium.jpg/full/,200/0/default.jpg"$"Komplett"$"Original"$"Standard"$"Einzelseite"$""$"2022"$"Diözesan- und Domstiftsbibliothek"$"https://d-nb.info/gnd/1027608000"$"Bautzen"$"https://d-nb.info/gnd/4004968-1"$"Sächsische Landesbibliothek – Staats- und Universitätsbibliothek Dresden"$"https://d-nb.info/gnd/5165770-3"$"Dresden"$"https://d-nb.info/gnd/4012995-0"
"84"$"M II 104"$"https://iiif.ub.uni-leipzig.de/0000056343/manifest.json"$"https://nbn-resolving.org/urn:nbn:de:bsz:15-0028-581540"$"https://iiif.ub.uni-leipzig.de/iiif/j2k/0000/0563/0000056343/00000005.jpx/full/200,/0/default.jpg"$"Komplett"$"Original"$"Standard"$"Einzelseite"$""$"2025"$"Diözesan- und Domstiftsbibliothek"$"https://d-nb.info/gnd/1027608000"$"Bautzen"$"https://d-nb.info/gnd/4004968-1"$"Universitätsbibliothek Leipzig"$"https://d-nb.info/gnd/30026-3"$"Leipzig"$"https://d-nb.info/gnd/4035206-7"
"85"$"WM 30"$"https://iiif.slub-dresden.de/iiif/2/1888010819/manifest.json"$"https://nbn-resolving.de/urn:nbn:de:bsz:14-db-id18880108196"$"https://images.iiif.slub-dresden.de/iiif/2/data%2Fkitodo%2F69lW_1888010819_0069%2F69lW_1888010819_0069_tif%2Fjpegs%2F00000001.tif.medium.jpg/full/,200/0/default.jpg"$"Komplett"$"Original"$"Standard"$"Einzelseite"$""$"2024"$"Diözesan- und Domstiftsbibliothek"$"https://d-nb.info/gnd/1027608000"$"Bautzen"$"https://d-nb.info/gnd/4004968-1"$"Sächsische Landesbibliothek – Staats- und Universitätsbibliothek Dresden"$"https://d-nb.info/gnd/5165770-3"$"Dresden"$"https://d-nb.info/gnd/4012995-0"
"86"$"WM 31"$"https://iiif.slub-dresden.de/iiif/2/1888012056/manifest.json"$"https://nbn-resolving.de/urn:nbn:de:bsz:14-db-id18880120560"$"https://images.iiif.slub-dresden.de/iiif/2/data%2Fkitodo%2F70lW_1888012056_0070%2F70lW_1888012056_0070_tif%2Fjpegs%2F00000005.tif.medium.jpg/full/,200/0/default.jpg"$"Komplett"$"Original"$"Standard"$"Einzelseite"$""$"2024"$"Diözesan- und Domstiftsbibliothek"$"https://d-nb.info/gnd/1027608000"$"Bautzen"$"https://d-nb.info/gnd/4004968-1"$"Sächsische Landesbibliothek – Staats- und Universitätsbibliothek Dresden"$"https://d-nb.info/gnd/5165770-3"$"Dresden"$"https://d-nb.info/gnd/4012995-0"
"87"$"WM 36"$"https://iiif.slub-dresden.de/iiif/2/1888013400/manifest.json"$"https://nbn-resolving.de/urn:nbn:de:bsz:14-db-id18880134001"$"https://images.iiif.slub-dresden.de/iiif/2/data%2Fkitodo%2F74lW_1888013400_0074%2F74lW_1888013400_0074_tif%2Fjpegs%2F00000001.tif.medium.jpg/full/,200/0/default.jpg"$"Komplett"$"Original"$"Standard"$"Einzelseite"$""$"2024"$"Diözesan- und Domstiftsbibliothek"$"https://d-nb.info/gnd/1027608000"$"Bautzen"$"https://d-nb.info/gnd/4004968-1"$"Sächsische Landesbibliothek – Staats- und Universitätsbibliothek Dresden"$"https://d-nb.info/gnd/5165770-3"$"Dresden"$"https://d-nb.info/gnd/4012995-0"