"1"$"I C 2° 1"$"https://iiif.ub.uni-leipzig.de/0000056146/manifest.json"$"https://nbn-resolving.org/urn:nbn:de:bsz:15-0028-580765"$"https://iiif.ub.uni-leipzig.de/iiif/j2k/0000/0561/0000056146/00000007.jpx/full/200,/0/default.jpg"$"Komplett"$"Original"$"Standard"$"Einzelseite"$""$"2025"$"Andreas-Möller-Bibliothek"$"https://d-nb.info/gnd/1029524300"$"Freiberg (Sachsen)"$"https://d-nb.info/gnd/4018266-6"$"Universitätsbibliothek Leipzig"$"https://d-nb.info/gnd/30026-3"$"Leipzig"$"https://d-nb.info/gnd/4035206-7"
"2"$"I C 2° 2"$"https://iiif.ub.uni-leipzig.de/0000056299/manifest.json"$"https://nbn-resolving.org/urn:nbn:de:bsz:15-0028-582198"$"https://iiif.ub.uni-leipzig.de/iiif/j2k/0000/0562/0000056299/00000003.jpx/full/200,/0/default.jpg"$"Komplett"$"Original"$"Standard"$"Einzelseite"$""$"2025"$"Andreas-Möller-Bibliothek"$"https://d-nb.info/gnd/1029524300"$"Freiberg (Sachsen)"$"https://d-nb.info/gnd/4018266-6"$"Universitätsbibliothek Leipzig"$"https://d-nb.info/gnd/30026-3"$"Leipzig"$"https://d-nb.info/gnd/4035206-7"
"3"$"I C 2° 3"$"https://iiif.ub.uni-leipzig.de/0000056258/manifest.json"$"https://nbn-resolving.org/urn:nbn:de:bsz:15-0028-582201"$"https://iiif.ub.uni-leipzig.de/iiif/j2k/0000/0562/0000056258/00000003.jpx/full/200,/0/default.jpg"$"Komplett"$"Original"$"Standard"$"Einzelseite"$""$"2025"$"Andreas-Möller-Bibliothek"$"https://d-nb.info/gnd/1029524300"$"Freiberg (Sachsen)"$"https://d-nb.info/gnd/4018266-6"$"Universitätsbibliothek Leipzig"$"https://d-nb.info/gnd/30026-3"$"Leipzig"$"https://d-nb.info/gnd/4035206-7"
"4"$"I C 2° 5"$"https://iiif.ub.uni-leipzig.de/0000056297/manifest.json"$"https://nbn-resolving.org/urn:nbn:de:bsz:15-0028-582284"$"https://iiif.ub.uni-leipzig.de/iiif/j2k/0000/0562/0000056297/00000007.jpx/full/200,/0/default.jpg"$"Komplett"$"Original"$"Standard"$"Einzelseite"$""$"2025"$"Andreas-Möller-Bibliothek"$"https://d-nb.info/gnd/1029524300"$"Freiberg (Sachsen)"$"https://d-nb.info/gnd/4018266-6"$"Universitätsbibliothek Leipzig"$"https://d-nb.info/gnd/30026-3"$"Leipzig"$"https://d-nb.info/gnd/4035206-7"
"5"$"I C 2° 4"$"https://iiif.ub.uni-leipzig.de/0000056360/manifest.json"$"https://nbn-resolving.org/urn:nbn:de:bsz:15-0028-582564"$"https://iiif.ub.uni-leipzig.de/iiif/j2k/0000/0563/0000056360/00000001.jpx/full/200,/0/default.jpg"$"Komplett"$"Original"$"Standard"$"Einzelseite"$""$"2025"$"Andreas-Möller-Bibliothek"$"https://d-nb.info/gnd/1029524300"$"Freiberg (Sachsen)"$"https://d-nb.info/gnd/4018266-6"$"Universitätsbibliothek Leipzig"$"https://d-nb.info/gnd/30026-3"$"Leipzig"$"https://d-nb.info/gnd/4035206-7"
"6"$"I C 2° 6"$"https://iiif.ub.uni-leipzig.de/0000056298/manifest.json"$"https://nbn-resolving.org/urn:nbn:de:bsz:15-0028-582272"$"https://iiif.ub.uni-leipzig.de/iiif/j2k/0000/0562/0000056298/00000005.jpx/full/200,/0/default.jpg"$"Komplett"$"Original"$"Standard"$"Einzelseite"$""$"2025"$"Andreas-Möller-Bibliothek"$"https://d-nb.info/gnd/1029524300"$"Freiberg (Sachsen)"$"https://d-nb.info/gnd/4018266-6"$"Universitätsbibliothek Leipzig"$"https://d-nb.info/gnd/30026-3"$"Leipzig"$"https://d-nb.info/gnd/4035206-7"
"7"$"I C 2° 7"$"https://iiif.ub.uni-leipzig.de/0000056257/manifest.json"$"https://nbn-resolving.org/urn:nbn:de:bsz:15-0028-580890"$"https://iiif.ub.uni-leipzig.de/iiif/j2k/0000/0562/0000056257/00000001.jpx/full/200,/0/default.jpg"$"Komplett"$"Original"$"Standard"$"Einzelseite"$""$"2025"$"Andreas-Möller-Bibliothek"$"https://d-nb.info/gnd/1029524300"$"Freiberg (Sachsen)"$"https://d-nb.info/gnd/4018266-6"$"Universitätsbibliothek Leipzig"$"https://d-nb.info/gnd/30026-3"$"Leipzig"$"https://d-nb.info/gnd/4035206-7"
"8"$"I C 2° 8"$"https://iiif.ub.uni-leipzig.de/0000056308/manifest.json"$"https://nbn-resolving.org/urn:nbn:de:bsz:15-0028-582556"$"https://iiif.ub.uni-leipzig.de/iiif/j2k/0000/0563/0000056308/00000001.jpx/full/200,/0/default.jpg"$"Komplett"$"Original"$"Standard"$"Einzelseite"$""$"2025"$"Andreas-Möller-Bibliothek"$"https://d-nb.info/gnd/1029524300"$"Freiberg (Sachsen)"$"https://d-nb.info/gnd/4018266-6"$"Universitätsbibliothek Leipzig"$"https://d-nb.info/gnd/30026-3"$"Leipzig"$"https://d-nb.info/gnd/4035206-7"
"9"$"I C 2° 9"$"https://iiif.ub.uni-leipzig.de/0000056361/manifest.json"$"https://nbn-resolving.org/urn:nbn:de:bsz:15-0028-582578"$"https://iiif.ub.uni-leipzig.de/iiif/j2k/0000/0563/0000056361/00000001.jpx/full/200,/0/default.jpg"$"Komplett"$"Original"$"Standard"$"Einzelseite"$""$"2025"$"Andreas-Möller-Bibliothek"$"https://d-nb.info/gnd/1029524300"$"Freiberg (Sachsen)"$"https://d-nb.info/gnd/4018266-6"$"Universitätsbibliothek Leipzig"$"https://d-nb.info/gnd/30026-3"$"Leipzig"$"https://d-nb.info/gnd/4035206-7"
"10"$"I C 2° 10"$"https://iiif.ub.uni-leipzig.de/0000056395/manifest.json"$"https://nbn-resolving.org/urn:nbn:de:bsz:15-0028-583679"$"https://iiif.ub.uni-leipzig.de/iiif/j2k/0000/0563/0000056395/00000007.jpx/full/200,/0/default.jpg"$"Komplett"$"Original"$"Standard"$"Einzelseite"$""$"2025"$"Andreas-Möller-Bibliothek"$"https://d-nb.info/gnd/1029524300"$"Freiberg (Sachsen)"$"https://d-nb.info/gnd/4018266-6"$"Universitätsbibliothek Leipzig"$"https://d-nb.info/gnd/30026-3"$"Leipzig"$"https://d-nb.info/gnd/4035206-7"
"11"$"I C 2° 11"$"https://iiif.ub.uni-leipzig.de/0000056396/manifest.json"$"https://nbn-resolving.org/urn:nbn:de:bsz:15-0028-583688"$"https://iiif.ub.uni-leipzig.de/iiif/j2k/0000/0563/0000056396/00000001.jpx/full/200,/0/default.jpg"$"Komplett"$"Original"$"Standard"$"Einzelseite"$""$"2025"$"Andreas-Möller-Bibliothek"$"https://d-nb.info/gnd/1029524300"$"Freiberg (Sachsen)"$"https://d-nb.info/gnd/4018266-6"$"Universitätsbibliothek Leipzig"$"https://d-nb.info/gnd/30026-3"$"Leipzig"$"https://d-nb.info/gnd/4035206-7"
"12"$"I C 2° 12"$"https://iiif.ub.uni-leipzig.de/0000056441/manifest.json"$"https://nbn-resolving.org/urn:nbn:de:bsz:15-0028-583758"$"https://iiif.ub.uni-leipzig.de/iiif/j2k/0000/0564/0000056441/00000001.jpx/full/200,/0/default.jpg"$"Komplett"$"Original"$"Standard"$"Einzelseite"$""$"2025"$"Andreas-Möller-Bibliothek"$"https://d-nb.info/gnd/1029524300"$"Freiberg (Sachsen)"$"https://d-nb.info/gnd/4018266-6"$"Universitätsbibliothek Leipzig"$"https://d-nb.info/gnd/30026-3"$"Leipzig"$"https://d-nb.info/gnd/4035206-7"
"13"$"I C 2° 13"$"https://iiif.ub.uni-leipzig.de/0000056443/manifest.json"$"https://nbn-resolving.org/urn:nbn:de:bsz:15-0028-583763"$"https://iiif.ub.uni-leipzig.de/iiif/j2k/0000/0564/0000056443/00000001.jpx/full/200,/0/default.jpg"$"Komplett"$"Original"$"Standard"$"Einzelseite"$""$"2025"$"Andreas-Möller-Bibliothek"$"https://d-nb.info/gnd/1029524300"$"Freiberg (Sachsen)"$"https://d-nb.info/gnd/4018266-6"$"Universitätsbibliothek Leipzig"$"https://d-nb.info/gnd/30026-3"$"Leipzig"$"https://d-nb.info/gnd/4035206-7"
"14"$"I C 2° 14"$"https://iiif.ub.uni-leipzig.de/0000056495/manifest.json"$"https://nbn-resolving.org/urn:nbn:de:bsz:15-0028-584421"$"https://iiif.ub.uni-leipzig.de/iiif/j2k/0000/0564/0000056495/00000003.jpx/full/200,/0/default.jpg"$"Komplett"$"Original"$"Standard"$"Einzelseite"$""$"2025"$"Andreas-Möller-Bibliothek"$"https://d-nb.info/gnd/1029524300"$"Freiberg (Sachsen)"$"https://d-nb.info/gnd/4018266-6"$"Universitätsbibliothek Leipzig"$"https://d-nb.info/gnd/30026-3"$"Leipzig"$"https://d-nb.info/gnd/4035206-7"
"15"$"I C 2° 15"$"https://iiif.ub.uni-leipzig.de/0000056496/manifest.json"$"https://nbn-resolving.org/urn:nbn:de:bsz:15-0028-584432"$"https://iiif.ub.uni-leipzig.de/iiif/j2k/0000/0564/0000056496/00000001.jpx/full/200,/0/default.jpg"$"Komplett"$"Original"$"Standard"$"Einzelseite"$""$"2025"$"Andreas-Möller-Bibliothek"$"https://d-nb.info/gnd/1029524300"$"Freiberg (Sachsen)"$"https://d-nb.info/gnd/4018266-6"$"Universitätsbibliothek Leipzig"$"https://d-nb.info/gnd/30026-3"$"Leipzig"$"https://d-nb.info/gnd/4035206-7"
"16"$"I C 2° 16"$"https://iiif.ub.uni-leipzig.de/0000056543/manifest.json"$"https://nbn-resolving.org/urn:nbn:de:bsz:15-0028-584621"$"https://iiif.ub.uni-leipzig.de/iiif/j2k/0000/0565/0000056543/00000001.jpx/full/200,/0/default.jpg"$"Komplett"$"Original"$"Standard"$"Einzelseite"$""$"2025"$"Andreas-Möller-Bibliothek"$"https://d-nb.info/gnd/1029524300"$"Freiberg (Sachsen)"$"https://d-nb.info/gnd/4018266-6"$"Universitätsbibliothek Leipzig"$"https://d-nb.info/gnd/30026-3"$"Leipzig"$"https://d-nb.info/gnd/4035206-7"
"17"$"I C 2° 17"$"https://iiif.ub.uni-leipzig.de/0000056544/manifest.json"$"https://nbn-resolving.org/urn:nbn:de:bsz:15-0028-584634"$"https://iiif.ub.uni-leipzig.de/iiif/j2k/0000/0565/0000056544/00000005.jpx/full/200,/0/default.jpg"$"Komplett"$"Original"$"Standard"$"Einzelseite"$""$"2025"$"Andreas-Möller-Bibliothek"$"https://d-nb.info/gnd/1029524300"$"Freiberg (Sachsen)"$"https://d-nb.info/gnd/4018266-6"$"Universitätsbibliothek Leipzig"$"https://d-nb.info/gnd/30026-3"$"Leipzig"$"https://d-nb.info/gnd/4035206-7"
"18"$"I C 2° 19"$"https://iiif.ub.uni-leipzig.de/0000056551/manifest.json"$"https://nbn-resolving.org/urn:nbn:de:bsz:15-0028-584674"$"https://iiif.ub.uni-leipzig.de/iiif/j2k/0000/0565/0000056551/00000001.jpx/full/200,/0/default.jpg"$"Komplett"$"Original"$"Standard"$"Einzelseite"$""$"2025"$"Andreas-Möller-Bibliothek"$"https://d-nb.info/gnd/1029524300"$"Freiberg (Sachsen)"$"https://d-nb.info/gnd/4018266-6"$"Universitätsbibliothek Leipzig"$"https://d-nb.info/gnd/30026-3"$"Leipzig"$"https://d-nb.info/gnd/4035206-7"
"19"$"I C 8° 18"$"https://iiif.ub.uni-leipzig.de/0000056560/manifest.json"$"https://nbn-resolving.org/urn:nbn:de:bsz:15-0028-584683"$"https://iiif.ub.uni-leipzig.de/iiif/j2k/0000/0565/0000056560/00000003.jpx/full/200,/0/default.jpg"$"Komplett"$"Original"$"Standard"$"Einzelseite"$""$"2025"$"Andreas-Möller-Bibliothek"$"https://d-nb.info/gnd/1029524300"$"Freiberg (Sachsen)"$"https://d-nb.info/gnd/4018266-6"$"Universitätsbibliothek Leipzig"$"https://d-nb.info/gnd/30026-3"$"Leipzig"$"https://d-nb.info/gnd/4035206-7"
"20"$"II 2° 3"$"https://iiif.ub.uni-leipzig.de/0000056687/manifest.json"$"https://nbn-resolving.org/urn:nbn:de:bsz:15-0028-586203"$"https://iiif.ub.uni-leipzig.de/iiif/j2k/0000/0566/0000056687/00000005.jpx/full/200,/0/default.jpg"$"Komplett"$"Original"$"Standard"$"Einzelseite"$""$"2025"$"Andreas-Möller-Bibliothek"$"https://d-nb.info/gnd/1029524300"$"Freiberg (Sachsen)"$"https://d-nb.info/gnd/4018266-6"$"Universitätsbibliothek Leipzig"$"https://d-nb.info/gnd/30026-3"$"Leipzig"$"https://d-nb.info/gnd/4035206-7"
"21"$"VII 2° 116"$"https://iiif.ub.uni-leipzig.de/0000056828/manifest.json"$"https://nbn-resolving.org/urn:nbn:de:bsz:15-0028-587541"$"https://iiif.ub.uni-leipzig.de/iiif/j2k/0000/0568/0000056828/00000913.jpx/full/200,/0/default.jpg"$"Komplett"$"Original"$"Standard"$"Einzelseite"$""$"2025"$"Andreas-Möller-Bibliothek"$"https://d-nb.info/gnd/1029524300"$"Freiberg (Sachsen)"$"https://d-nb.info/gnd/4018266-6"$"Universitätsbibliothek Leipzig"$"https://d-nb.info/gnd/30026-3"$"Leipzig"$"https://d-nb.info/gnd/4035206-7"
"22"$"VII 2° 122"$"https://iiif.ub.uni-leipzig.de/0000056826/manifest.json"$"https://nbn-resolving.org/urn:nbn:de:bsz:15-0028-587565"$"https://iiif.ub.uni-leipzig.de/iiif/j2k/0000/0568/0000056826/00000467.jpx/full/200,/0/default.jpg"$"Komplett"$"Original"$"Standard"$"Einzelseite"$""$"2025"$"Andreas-Möller-Bibliothek"$"https://d-nb.info/gnd/1029524300"$"Freiberg (Sachsen)"$"https://d-nb.info/gnd/4018266-6"$"Universitätsbibliothek Leipzig"$"https://d-nb.info/gnd/30026-3"$"Leipzig"$"https://d-nb.info/gnd/4035206-7"
"23"$"VII 2° 133"$"https://iiif.ub.uni-leipzig.de/0000056965/manifest.json"$"https://nbn-resolving.org/urn:nbn:de:bsz:15-0028-588953"$"https://iiif.ub.uni-leipzig.de/iiif/j2k/0000/0569/0000056965/00000007.jpx/full/200,/0/default.jpg"$"Komplett"$"Original"$"Standard"$"Einzelseite"$""$"2025"$"Andreas-Möller-Bibliothek"$"https://d-nb.info/gnd/1029524300"$"Freiberg (Sachsen)"$"https://d-nb.info/gnd/4018266-6"$"Universitätsbibliothek Leipzig"$"https://d-nb.info/gnd/30026-3"$"Leipzig"$"https://d-nb.info/gnd/4035206-7"
"24"$"VII 2° 140"$"https://iiif.ub.uni-leipzig.de/0000056987/manifest.json"$"https://nbn-resolving.org/urn:nbn:de:bsz:15-0028-588966"$"https://iiif.ub.uni-leipzig.de/iiif/j2k/0000/0569/0000056987/00000679.jpx/full/200,/0/default.jpg"$"Komplett"$"Original"$"Standard"$"Einzelseite"$""$"2025"$"Andreas-Möller-Bibliothek"$"https://d-nb.info/gnd/1029524300"$"Freiberg (Sachsen)"$"https://d-nb.info/gnd/4018266-6"$"Universitätsbibliothek Leipzig"$"https://d-nb.info/gnd/30026-3"$"Leipzig"$"https://d-nb.info/gnd/4035206-7"
"25"$"VII 2° 141"$"https://iiif.ub.uni-leipzig.de/0000056988/manifest.json"$"https://nbn-resolving.org/urn:nbn:de:bsz:15-0028-589619"$"https://iiif.ub.uni-leipzig.de/iiif/j2k/0000/0569/0000056988/00000331.jpx/full/200,/0/default.jpg"$"Komplett"$"Original"$"Standard"$"Einzelseite"$""$"2025"$"Andreas-Möller-Bibliothek"$"https://d-nb.info/gnd/1029524300"$"Freiberg (Sachsen)"$"https://d-nb.info/gnd/4018266-6"$"Universitätsbibliothek Leipzig"$"https://d-nb.info/gnd/30026-3"$"Leipzig"$"https://d-nb.info/gnd/4035206-7"
"26"$"VII 4° 10"$"https://iiif.ub.uni-leipzig.de/0000056809/manifest.json"$"https://nbn-resolving.org/urn:nbn:de:bsz:15-0028-587756"$"https://iiif.ub.uni-leipzig.de/iiif/j2k/0000/0568/0000056809/00000007.jpx/full/200,/0/default.jpg"$"Komplett"$"Original"$"Standard"$"Einzelseite"$""$"2025"$"Andreas-Möller-Bibliothek"$"https://d-nb.info/gnd/1029524300"$"Freiberg (Sachsen)"$"https://d-nb.info/gnd/4018266-6"$"Universitätsbibliothek Leipzig"$"https://d-nb.info/gnd/30026-3"$"Leipzig"$"https://d-nb.info/gnd/4035206-7"
"27"$"VII 2° 160"$"https://iiif.ub.uni-leipzig.de/0000056889/manifest.json"$"https://nbn-resolving.org/urn:nbn:de:bsz:15-0028-588682"$"https://iiif.ub.uni-leipzig.de/iiif/j2k/0000/0568/0000056889/00000007.jpx/full/200,/0/default.jpg"$"Komplett"$"Original"$"Standard"$"Einzelseite"$""$"2025"$"Andreas-Möller-Bibliothek"$"https://d-nb.info/gnd/1029524300"$"Freiberg (Sachsen)"$"https://d-nb.info/gnd/4018266-6"$"Universitätsbibliothek Leipzig"$"https://d-nb.info/gnd/30026-3"$"Leipzig"$"https://d-nb.info/gnd/4035206-7"
"28"$"VII 4° 12"$"https://iiif.ub.uni-leipzig.de/0000056924/manifest.json"$"https://nbn-resolving.org/urn:nbn:de:bsz:15-0028-588994"$"https://iiif.ub.uni-leipzig.de/iiif/j2k/0000/0569/0000056924/00000012.jpx/full/200,/0/default.jpg"$"Komplett"$"Original"$"Standard"$"Einzelseite"$""$"2025"$"Andreas-Möller-Bibliothek"$"https://d-nb.info/gnd/1029524300"$"Freiberg (Sachsen)"$"https://d-nb.info/gnd/4018266-6"$"Universitätsbibliothek Leipzig"$"https://d-nb.info/gnd/30026-3"$"Leipzig"$"https://d-nb.info/gnd/4035206-7"
"29"$"VIII 2° 5"$"https://iiif.ub.uni-leipzig.de/0000056821/manifest.json"$"https://nbn-resolving.org/urn:nbn:de:bsz:15-0028-587797"$"https://iiif.ub.uni-leipzig.de/iiif/j2k/0000/0568/0000056821/00000001.jpx/full/200,/0/default.jpg"$"Komplett"$"Original"$"Standard"$"Einzelseite"$""$"2025"$"Andreas-Möller-Bibliothek"$"https://d-nb.info/gnd/1029524300"$"Freiberg (Sachsen)"$"https://d-nb.info/gnd/4018266-6"$"Universitätsbibliothek Leipzig"$"https://d-nb.info/gnd/30026-3"$"Leipzig"$"https://d-nb.info/gnd/4035206-7"
"30"$"VIII 2° 25"$"https://iiif.ub.uni-leipzig.de/0000056924/manifest.json"$"https://nbn-resolving.org/urn:nbn:de:bsz:15-0028-588994"$"https://iiif.ub.uni-leipzig.de/iiif/j2k/0000/0569/0000056924/00000013.jpx/full/200,/0/default.jpg"$"Komplett"$"Original"$"Standard"$"Einzelseite"$""$"2025"$"Andreas-Möller-Bibliothek"$"https://d-nb.info/gnd/1029524300"$"Freiberg (Sachsen)"$"https://d-nb.info/gnd/4018266-6"$"Universitätsbibliothek Leipzig"$"https://d-nb.info/gnd/30026-3"$"Leipzig"$"https://d-nb.info/gnd/4035206-7"
"31"$"VIII 2° 26"$"https://iiif.ub.uni-leipzig.de/0000056818/manifest.json"$"https://nbn-resolving.org/urn:nbn:de:bsz:15-0028-587768"$"https://iiif.ub.uni-leipzig.de/iiif/j2k/0000/0568/0000056818/00000007.jpx/full/200,/0/default.jpg"$"Komplett"$"Original"$"Standard"$"Einzelseite"$""$"2025"$"Andreas-Möller-Bibliothek"$"https://d-nb.info/gnd/1029524300"$"Freiberg (Sachsen)"$"https://d-nb.info/gnd/4018266-6"$"Universitätsbibliothek Leipzig"$"https://d-nb.info/gnd/30026-3"$"Leipzig"$"https://d-nb.info/gnd/4035206-7"
"32"$"VIII 2° 27"$"https://iiif.ub.uni-leipzig.de/0000056823/manifest.json"$"https://nbn-resolving.org/urn:nbn:de:bsz:15-0028-587800"$"https://iiif.ub.uni-leipzig.de/iiif/j2k/0000/0568/0000056823/00000009.jpx/full/200,/0/default.jpg"$"Komplett"$"Original"$"Standard"$"Einzelseite"$""$"2025"$"Andreas-Möller-Bibliothek"$"https://d-nb.info/gnd/1029524300"$"Freiberg (Sachsen)"$"https://d-nb.info/gnd/4018266-6"$"Universitätsbibliothek Leipzig"$"https://d-nb.info/gnd/30026-3"$"Leipzig"$"https://d-nb.info/gnd/4035206-7"
"33"$"VIII 2° 28"$"https://iiif.ub.uni-leipzig.de/0000056827/manifest.json"$"https://nbn-resolving.org/urn:nbn:de:bsz:15-0028-587823"$"https://iiif.ub.uni-leipzig.de/iiif/j2k/0000/0568/0000056827/00000011.jpx/full/200,/0/default.jpg"$"Komplett"$"Original"$"Standard"$"Einzelseite"$""$"2025"$"Andreas-Möller-Bibliothek"$"https://d-nb.info/gnd/1029524300"$"Freiberg (Sachsen)"$"https://d-nb.info/gnd/4018266-6"$"Universitätsbibliothek Leipzig"$"https://d-nb.info/gnd/30026-3"$"Leipzig"$"https://d-nb.info/gnd/4035206-7"
"34"$"VIII 2° 33"$"https://iiif.ub.uni-leipzig.de/0000056850/manifest.json"$"https://nbn-resolving.org/urn:nbn:de:bsz:15-0028-588233"$"https://iiif.ub.uni-leipzig.de/iiif/j2k/0000/0568/0000056850/00000017.jpx/full/200,/0/default.jpg"$"Komplett"$"Original"$"Standard"$"Einzelseite"$""$"2025"$"Andreas-Möller-Bibliothek"$"https://d-nb.info/gnd/1029524300"$"Freiberg (Sachsen)"$"https://d-nb.info/gnd/4018266-6"$"Universitätsbibliothek Leipzig"$"https://d-nb.info/gnd/30026-3"$"Leipzig"$"https://d-nb.info/gnd/4035206-7"
"35"$"VIII 2° 67"$"https://iiif.ub.uni-leipzig.de/0000056934/manifest.json"$"https://nbn-resolving.org/urn:nbn:de:bsz:15-0028-589107"$"https://iiif.ub.uni-leipzig.de/iiif/j2k/0000/0569/0000056934/00000457.jpx/full/200,/0/default.jpg"$"Komplett"$"Original"$"Standard"$"Einzelseite"$""$"2025"$"Andreas-Möller-Bibliothek"$"https://d-nb.info/gnd/1029524300"$"Freiberg (Sachsen)"$"https://d-nb.info/gnd/4018266-6"$"Universitätsbibliothek Leipzig"$"https://d-nb.info/gnd/30026-3"$"Leipzig"$"https://d-nb.info/gnd/4035206-7"
"36"$"VIII 2° 99"$"https://iiif.ub.uni-leipzig.de/0000056830/manifest.json"$"https://nbn-resolving.org/urn:nbn:de:bsz:15-0028-589107"$"https://iiif.ub.uni-leipzig.de/iiif/j2k/0000/0568/0000056830/00000005.jpx/full/200,/0/default.jpg"$"Komplett"$"Original"$"Standard"$"Einzelseite"$""$"2025"$"Andreas-Möller-Bibliothek"$"https://d-nb.info/gnd/1029524300"$"Freiberg (Sachsen)"$"https://d-nb.info/gnd/4018266-6"$"Universitätsbibliothek Leipzig"$"https://d-nb.info/gnd/30026-3"$"Leipzig"$"https://d-nb.info/gnd/4035206-7"
"37"$"VIII 2° 316"$"https://iiif.ub.uni-leipzig.de/0000057303/manifest.json"$"https://nbn-resolving.org/urn:nbn:de:bsz:15-0028-589180"$"https://iiif.ub.uni-leipzig.de/iiif/j2k/0000/0573/0000057303/00000257.jpx/full/200,/0/default.jpg"$"Komplett"$"Original"$"Standard"$"Einzelseite"$""$"2025"$"Andreas-Möller-Bibliothek"$"https://d-nb.info/gnd/1029524300"$"Freiberg (Sachsen)"$"https://d-nb.info/gnd/4018266-6"$"Universitätsbibliothek Leipzig"$"https://d-nb.info/gnd/30026-3"$"Leipzig"$"https://d-nb.info/gnd/4035206-7"
"38"$"IX 4° 17"$"https://iiif.ub.uni-leipzig.de/0000057012/manifest.json"$"https://nbn-resolving.org/urn:nbn:de:bsz:15-0028-589665"$"https://iiif.ub.uni-leipzig.de/iiif/j2k/0000/0570/0000057012/00000421.jpx/full/200,/0/default.jpg"$"Komplett"$"Original"$"Standard"$"Einzelseite"$""$"2025"$"Andreas-Möller-Bibliothek"$"https://d-nb.info/gnd/1029524300"$"Freiberg (Sachsen)"$"https://d-nb.info/gnd/4018266-6"$"Universitätsbibliothek Leipzig"$"https://d-nb.info/gnd/30026-3"$"Leipzig"$"https://d-nb.info/gnd/4035206-7"
"39"$"XI 4° 9"$"https://iiif.ub.uni-leipzig.de/0000056832/manifest.json"$"https://nbn-resolving.org/urn:nbn:de:bsz:15-0028-587956"$"https://iiif.ub.uni-leipzig.de/iiif/j2k/0000/0568/0000056832/00000005.jpx/full/200,/0/default.jpg"$"Komplett"$"Original"$"Standard"$"Einzelseite"$""$"2025"$"Andreas-Möller-Bibliothek"$"https://d-nb.info/gnd/1029524300"$"Freiberg (Sachsen)"$"https://d-nb.info/gnd/4018266-6"$"Universitätsbibliothek Leipzig"$"https://d-nb.info/gnd/30026-3"$"Leipzig"$"https://d-nb.info/gnd/4035206-7"
"40"$"XII 2° 43"$"https://iiif.ub.uni-leipzig.de/0000057011/manifest.json"$"https://nbn-resolving.org/urn:nbn:de:bsz:15-0028-589676"$"https://iiif.ub.uni-leipzig.de/iiif/j2k/0000/0570/0000057011/00000429.jpx/full/200,/0/default.jpg"$"Komplett"$"Original"$"Standard"$"Einzelseite"$""$"2025"$"Andreas-Möller-Bibliothek"$"https://d-nb.info/gnd/1029524300"$"Freiberg (Sachsen)"$"https://d-nb.info/gnd/4018266-6"$"Universitätsbibliothek Leipzig"$"https://d-nb.info/gnd/30026-3"$"Leipzig"$"https://d-nb.info/gnd/4035206-7"
"41"$"VII 2° 169"$"https://iiif.ub.uni-leipzig.de/0000057029/manifest.json"$"https://nbn-resolving.org/urn:nbn:de:bsz:15-0028-589746"$"https://iiif.ub.uni-leipzig.de/iiif/j2k/0000/0570/0000057029/00000005.jpx/full/200,/0/default.jpg"$"Komplett"$"Original"$"Standard"$"Einzelseite"$""$"2025"$"Andreas-Möller-Bibliothek"$"https://d-nb.info/gnd/1029524300"$"Freiberg (Sachsen)"$"https://d-nb.info/gnd/4018266-6"$"Universitätsbibliothek Leipzig"$"https://d-nb.info/gnd/30026-3"$"Leipzig"$"https://d-nb.info/gnd/4035206-7"
"42"$"XII 2° 79a, Einbandmakulatur"$"https://iiif.ub.uni-leipzig.de/0000057554/manifest.json"$"https://nbn-resolving.org/urn:nbn:de:bsz:15-0028-594412"$"https://iiif.ub.uni-leipzig.de/iiif/j2k/0000/0575/0000057554/00000001.jpx/full/,200/0/default.jpg"$"Komplett"$"Original"$"Standard"$"Einzelseite"$""$"2025"$"Andreas-Möller-Bibliothek"$"https://d-nb.info/gnd/1029524300"$"Freiberg (Sachsen)"$"https://d-nb.info/gnd/4018266-6"$"Universitätsbibliothek Leipzig"$"https://d-nb.info/gnd/30026-3"$"Leipzig"$"https://d-nb.info/gnd/4035206-7"
"43"$"VII 2° 157, Einbandmakulatur"$"https://iiif.ub.uni-leipzig.de/0000061370/manifest.json"$"https://digital.ub.uni-leipzig.de/object/viewid/0000061370"$"https://iiif.ub.uni-leipzig.de/iiif/j2k/0000/0613/0000061370/00000001.jpx/full/200,/0/default.jpg"$"Komplett"$"Original"$"Standard"$"Einzelseite"$""$"2025"$"Andreas-Möller-Bibliothek"$"https://d-nb.info/gnd/1029524300"$"Freiberg (Sachsen)"$"https://d-nb.info/gnd/4018266-6"$"Universitätsbibliothek Leipzig"$"https://d-nb.info/gnd/30026-3"$"Leipzig"$"https://d-nb.info/gnd/4035206-7"