"1"$"Fonds 183, Nr. 1000"$""$"https://viewer.rsl.ru/ru/rsl01005414052"$""$"komplett"$"Original"$"Standard"$"Einzelseite"$""$"02.10.2021"$"Russische Staatsbibliothek Moskau"$"https://d-nb.info/gnd/2125990-2"$"Moskau"$"https://d-nb.info/gnd/4074987-3"$"Russische Staatsbibliothek Moskau"$"https://d-nb.info/gnd/2125990-2"$"Moskau"$"https://d-nb.info/gnd/4074987-3"
"2"$"Fonds 183, Nr. 1022"$""$"https://viewer.rsl.ru/ru/rsl01005416608"$""$"komplett"$"Original"$"Standard"$"Einzelseite"$""$"02.10.2021"$"Russische Staatsbibliothek Moskau"$"https://d-nb.info/gnd/2125990-2"$"Moskau"$"https://d-nb.info/gnd/4074987-3"$"Russische Staatsbibliothek Moskau"$"https://d-nb.info/gnd/2125990-2"$"Moskau"$"https://d-nb.info/gnd/4074987-3"
"3"$"Fonds 183, Nr. 1034"$""$"https://viewer.rsl.ru/ru/rsl01005420705"$""$"komplett"$"Original"$"Standard"$"Einzelseite"$""$"02.10.2021"$"Russische Staatsbibliothek Moskau"$"https://d-nb.info/gnd/2125990-2"$"Moskau"$"https://d-nb.info/gnd/4074987-3"$"Russische Staatsbibliothek Moskau"$"https://d-nb.info/gnd/2125990-2"$"Moskau"$"https://d-nb.info/gnd/4074987-3"
"4"$"Fonds 183, Nr. 1097"$""$"https://viewer.rsl.ru/ru/rsl01005423654"$""$"komplett"$"Original"$"Standard"$"Einzelseite"$""$"02.10.2021"$"Russische Staatsbibliothek Moskau"$"https://d-nb.info/gnd/2125990-2"$"Moskau"$"https://d-nb.info/gnd/4074987-3"$"Russische Staatsbibliothek Moskau"$"https://d-nb.info/gnd/2125990-2"$"Moskau"$"https://d-nb.info/gnd/4074987-3"
"5"$"Fonds 183, Nr. 1593"$""$"https://viewer.rsl.ru/ru/rsl01005435624"$""$"komplett"$"Original"$"Standard"$"Einzelseite"$""$"04.03.2022"$"Russische Staatsbibliothek Moskau"$"https://d-nb.info/gnd/2125990-2"$"Moskau"$"https://d-nb.info/gnd/4074987-3"$"Russische Staatsbibliothek Moskau"$"https://d-nb.info/gnd/2125990-2"$"Moskau"$"https://d-nb.info/gnd/4074987-3"
"6"$"Fonds 183, Nr. 1595"$""$"https://viewer.rsl.ru/ru/rsl01005435702"$""$"komplett"$"Original"$"Standard"$"Einzelseite"$""$"04.03.2022"$"Russische Staatsbibliothek Moskau"$"https://d-nb.info/gnd/2125990-2"$"Moskau"$"https://d-nb.info/gnd/4074987-3"$"Russische Staatsbibliothek Moskau"$"https://d-nb.info/gnd/2125990-2"$"Moskau"$"https://d-nb.info/gnd/4074987-3"
"7"$"Fonds 183, Nr. 1626"$""$"https://viewer.rsl.ru/ru/rsl01005438798"$""$"komplett"$"Original"$"Standard"$"Einzelseite"$""$"02.10.2021"$"Russische Staatsbibliothek Moskau"$"https://d-nb.info/gnd/2125990-2"$"Moskau"$"https://d-nb.info/gnd/4074987-3"$"Russische Staatsbibliothek Moskau"$"https://d-nb.info/gnd/2125990-2"$"Moskau"$"https://d-nb.info/gnd/4074987-3"
"8"$"Fonds 183, Nr. 1629"$""$"https://viewer.rsl.ru/ru/rsl01005438754"$""$"komplett"$"Original"$"Standard"$"Einzelseite"$""$"04.03.2022"$"Russische Staatsbibliothek Moskau"$"https://d-nb.info/gnd/2125990-2"$"Moskau"$"https://d-nb.info/gnd/4074987-3"$"Russische Staatsbibliothek Moskau"$"https://d-nb.info/gnd/2125990-2"$"Moskau"$"https://d-nb.info/gnd/4074987-3"
"9"$"Fonds 183, Nr. 1678"$""$"https://viewer.rsl.ru/ru/rsl01005440811"$""$"komplett"$"Original"$"Standard"$"Einzelseite"$""$"02.10.2021"$"Russische Staatsbibliothek Moskau"$"https://d-nb.info/gnd/2125990-2"$"Moskau"$"https://d-nb.info/gnd/4074987-3"$"Russische Staatsbibliothek Moskau"$"https://d-nb.info/gnd/2125990-2"$"Moskau"$"https://d-nb.info/gnd/4074987-3"
"10"$"Fonds 183, Nr. 1907"$""$"https://viewer.rsl.ru/ru/rsl01005462301"$""$"komplett"$"Original"$"Standard"$"Einzelseite"$""$"02.10.2021"$"Russische Staatsbibliothek Moskau"$"https://d-nb.info/gnd/2125990-2"$"Moskau"$"https://d-nb.info/gnd/4074987-3"$"Russische Staatsbibliothek Moskau"$"https://d-nb.info/gnd/2125990-2"$"Moskau"$"https://d-nb.info/gnd/4074987-3"
"11"$"Fonds 183, Nr. 1908"$""$"https://viewer.rsl.ru/ru/rsl01005462727"$""$"komplett"$"Original"$"Standard"$"Einzelseite"$""$"02.10.2021"$"Russische Staatsbibliothek Moskau"$"https://d-nb.info/gnd/2125990-2"$"Moskau"$"https://d-nb.info/gnd/4074987-3"$"Russische Staatsbibliothek Moskau"$"https://d-nb.info/gnd/2125990-2"$"Moskau"$"https://d-nb.info/gnd/4074987-3"
"12"$"Fonds 183, Nr. 1909"$""$"https://viewer.rsl.ru/ru/rsl01005462455"$""$"komplett"$"Original"$"Standard"$"Einzelseite"$""$"02.10.2021"$"Russische Staatsbibliothek Moskau"$"https://d-nb.info/gnd/2125990-2"$"Moskau"$"https://d-nb.info/gnd/4074987-3"$"Russische Staatsbibliothek Moskau"$"https://d-nb.info/gnd/2125990-2"$"Moskau"$"https://d-nb.info/gnd/4074987-3"
"13"$"Fonds 183, Nr. 1910"$""$"https://viewer.rsl.ru/ru/rsl01005463028"$""$"komplett"$"Original"$"Standard"$"Einzelseite"$""$"02.10.2021"$"Russische Staatsbibliothek Moskau"$"https://d-nb.info/gnd/2125990-2"$"Moskau"$"https://d-nb.info/gnd/4074987-3"$"Russische Staatsbibliothek Moskau"$"https://d-nb.info/gnd/2125990-2"$"Moskau"$"https://d-nb.info/gnd/4074987-3"
"14"$"Fonds 183, Nr. 1911"$""$"https://viewer.rsl.ru/ru/rsl01005463178"$""$"komplett"$"Original"$"Standard"$"Einzelseite"$""$"02.10.2021"$"Russische Staatsbibliothek Moskau"$"https://d-nb.info/gnd/2125990-2"$"Moskau"$"https://d-nb.info/gnd/4074987-3"$"Russische Staatsbibliothek Moskau"$"https://d-nb.info/gnd/2125990-2"$"Moskau"$"https://d-nb.info/gnd/4074987-3"
"15"$"Fonds 183, Nr. 1912"$""$"https://viewer.rsl.ru/ru/rsl01005463250"$""$"komplett"$"Original"$"Standard"$"Einzelseite"$""$"02.10.2021"$"Russische Staatsbibliothek Moskau"$"https://d-nb.info/gnd/2125990-2"$"Moskau"$"https://d-nb.info/gnd/4074987-3"$"Russische Staatsbibliothek Moskau"$"https://d-nb.info/gnd/2125990-2"$"Moskau"$"https://d-nb.info/gnd/4074987-3"
"16"$"Fonds 183, Nr. 1913"$""$"https://viewer.rsl.ru/ru/rsl01005463549"$""$"komplett"$"Original"$"Standard"$"Einzelseite"$""$"02.10.2021"$"Russische Staatsbibliothek Moskau"$"https://d-nb.info/gnd/2125990-2"$"Moskau"$"https://d-nb.info/gnd/4074987-3"$"Russische Staatsbibliothek Moskau"$"https://d-nb.info/gnd/2125990-2"$"Moskau"$"https://d-nb.info/gnd/4074987-3"
"17"$"Fonds 183, Nr. 1923"$""$"https://viewer.rsl.ru/ru/rsl01005464650"$""$"komplett"$"Original"$"Standard"$"Einzelseite"$""$"02.10.2021"$"Russische Staatsbibliothek Moskau"$"https://d-nb.info/gnd/2125990-2"$"Moskau"$"https://d-nb.info/gnd/4074987-3"$"Russische Staatsbibliothek Moskau"$"https://d-nb.info/gnd/2125990-2"$"Moskau"$"https://d-nb.info/gnd/4074987-3"
"18"$"Fonds 183, Nr. 1924"$""$"https://viewer.rsl.ru/ru/rsl01005464753"$""$"komplett"$"Original"$"Standard"$"Einzelseite"$""$"02.10.2021"$"Russische Staatsbibliothek Moskau"$"https://d-nb.info/gnd/2125990-2"$"Moskau"$"https://d-nb.info/gnd/4074987-3"$"Russische Staatsbibliothek Moskau"$"https://d-nb.info/gnd/2125990-2"$"Moskau"$"https://d-nb.info/gnd/4074987-3"
"19"$"Fonds 183, Nr. 1925"$""$"https://viewer.rsl.ru/ru/rsl01005464998"$""$"komplett"$"Original"$"Standard"$"Einzelseite"$""$"02.10.2021"$"Russische Staatsbibliothek Moskau"$"https://d-nb.info/gnd/2125990-2"$"Moskau"$"https://d-nb.info/gnd/4074987-3"$"Russische Staatsbibliothek Moskau"$"https://d-nb.info/gnd/2125990-2"$"Moskau"$"https://d-nb.info/gnd/4074987-3"
"20"$"Fonds 183, Nr. 1926"$""$"https://viewer.rsl.ru/ru/rsl01005465437"$""$"komplett"$"Original"$"Standard"$"Einzelseite"$""$"02.10.2021"$"Russische Staatsbibliothek Moskau"$"https://d-nb.info/gnd/2125990-2"$"Moskau"$"https://d-nb.info/gnd/4074987-3"$"Russische Staatsbibliothek Moskau"$"https://d-nb.info/gnd/2125990-2"$"Moskau"$"https://d-nb.info/gnd/4074987-3"
"21"$"Fonds 183, Nr. 1927"$""$"https://viewer.rsl.ru/ru/rsl01005465533"$""$"komplett"$"Original"$"Standard"$"Einzelseite"$""$"02.10.2021"$"Russische Staatsbibliothek Moskau"$"https://d-nb.info/gnd/2125990-2"$"Moskau"$"https://d-nb.info/gnd/4074987-3"$"Russische Staatsbibliothek Moskau"$"https://d-nb.info/gnd/2125990-2"$"Moskau"$"https://d-nb.info/gnd/4074987-3"
"22"$"Fonds 183, Nr. 1928"$""$"https://viewer.rsl.ru/ru/rsl01005465628"$""$"komplett"$"Original"$"Standard"$"Einzelseite"$""$"02.10.2021"$"Russische Staatsbibliothek Moskau"$"https://d-nb.info/gnd/2125990-2"$"Moskau"$"https://d-nb.info/gnd/4074987-3"$"Russische Staatsbibliothek Moskau"$"https://d-nb.info/gnd/2125990-2"$"Moskau"$"https://d-nb.info/gnd/4074987-3"
"23"$"Fonds 183, Nr. 1929"$""$"https://viewer.rsl.ru/ru/rsl01005465784"$""$"komplett"$"Original"$"Standard"$"Einzelseite"$""$"02.10.2021"$"Russische Staatsbibliothek Moskau"$"https://d-nb.info/gnd/2125990-2"$"Moskau"$"https://d-nb.info/gnd/4074987-3"$"Russische Staatsbibliothek Moskau"$"https://d-nb.info/gnd/2125990-2"$"Moskau"$"https://d-nb.info/gnd/4074987-3"
"24"$"Fonds 183, Nr. 1930"$""$"https://viewer.rsl.ru/ru/rsl01005465778"$""$"komplett"$"Original"$"Standard"$"Einzelseite"$""$"02.10.2021"$"Russische Staatsbibliothek Moskau"$"https://d-nb.info/gnd/2125990-2"$"Moskau"$"https://d-nb.info/gnd/4074987-3"$"Russische Staatsbibliothek Moskau"$"https://d-nb.info/gnd/2125990-2"$"Moskau"$"https://d-nb.info/gnd/4074987-3"
"25"$"Fonds 183, Nr. 1931"$""$"https://viewer.rsl.ru/ru/rsl01005465824"$""$"komplett"$"Original"$"Standard"$"Einzelseite"$""$"02.10.2021"$"Russische Staatsbibliothek Moskau"$"https://d-nb.info/gnd/2125990-2"$"Moskau"$"https://d-nb.info/gnd/4074987-3"$"Russische Staatsbibliothek Moskau"$"https://d-nb.info/gnd/2125990-2"$"Moskau"$"https://d-nb.info/gnd/4074987-3"
"26"$"Fonds 183, Nr. 1932"$""$"https://viewer.rsl.ru/ru/rsl01005465833"$""$"komplett"$"Original"$"Standard"$"Einzelseite"$""$"02.10.2021"$"Russische Staatsbibliothek Moskau"$"https://d-nb.info/gnd/2125990-2"$"Moskau"$"https://d-nb.info/gnd/4074987-3"$"Russische Staatsbibliothek Moskau"$"https://d-nb.info/gnd/2125990-2"$"Moskau"$"https://d-nb.info/gnd/4074987-3"
"27"$"Fonds 183, Nr. 1933"$""$"https://viewer.rsl.ru/ru/rsl01005466357"$""$"komplett"$"Original"$"Standard"$"Einzelseite"$""$"02.10.2021"$"Russische Staatsbibliothek Moskau"$"https://d-nb.info/gnd/2125990-2"$"Moskau"$"https://d-nb.info/gnd/4074987-3"$"Russische Staatsbibliothek Moskau"$"https://d-nb.info/gnd/2125990-2"$"Moskau"$"https://d-nb.info/gnd/4074987-3"
"28"$"Fonds 183, Nr. 1966"$""$"https://viewer.rsl.ru/ru/rsl01005469404"$""$"komplett"$"Original"$"Standard"$"Einzelseite"$""$"02.10.2021"$"Russische Staatsbibliothek Moskau"$"https://d-nb.info/gnd/2125990-2"$"Moskau"$"https://d-nb.info/gnd/4074987-3"$"Russische Staatsbibliothek Moskau"$"https://d-nb.info/gnd/2125990-2"$"Moskau"$"https://d-nb.info/gnd/4074987-3"
"29"$"Fonds 183, Nr. 1989"$""$"https://viewer.rsl.ru/ru/rsl01005473524"$""$"komplett"$"Original"$"Standard"$"Einzelseite"$""$"02.10.2021"$"Russische Staatsbibliothek Moskau"$"https://d-nb.info/gnd/2125990-2"$"Moskau"$"https://d-nb.info/gnd/4074987-3"$"Russische Staatsbibliothek Moskau"$"https://d-nb.info/gnd/2125990-2"$"Moskau"$"https://d-nb.info/gnd/4074987-3"
"30"$"Fonds 183, Nr. 1990"$""$"https://viewer.rsl.ru/ru/rsl01005474483"$""$"komplett"$"Original"$"Standard"$"Einzelseite"$""$"02.10.2021"$"Russische Staatsbibliothek Moskau"$"https://d-nb.info/gnd/2125990-2"$"Moskau"$"https://d-nb.info/gnd/4074987-3"$"Russische Staatsbibliothek Moskau"$"https://d-nb.info/gnd/2125990-2"$"Moskau"$"https://d-nb.info/gnd/4074987-3"
"31"$"Fonds 183, Nr. 1991"$""$"https://viewer.rsl.ru/ru/rsl01005474623"$""$"komplett"$"Original"$"Standard"$"Einzelseite"$""$"02.10.2021"$"Russische Staatsbibliothek Moskau"$"https://d-nb.info/gnd/2125990-2"$"Moskau"$"https://d-nb.info/gnd/4074987-3"$"Russische Staatsbibliothek Moskau"$"https://d-nb.info/gnd/2125990-2"$"Moskau"$"https://d-nb.info/gnd/4074987-3"
"32"$"Fonds 183, Nr. 1992"$""$"https://viewer.rsl.ru/ru/rsl01005474588"$""$"komplett"$"Original"$"Standard"$"Einzelseite"$""$"02.10.2021"$"Russische Staatsbibliothek Moskau"$"https://d-nb.info/gnd/2125990-2"$"Moskau"$"https://d-nb.info/gnd/4074987-3"$"Russische Staatsbibliothek Moskau"$"https://d-nb.info/gnd/2125990-2"$"Moskau"$"https://d-nb.info/gnd/4074987-3"
"33"$"Fonds 183, Nr. 281"$""$"https://viewer.rsl.ru/ru/rsl01005393935"$""$"komplett"$"Original"$"Standard"$"Einzelseite"$""$"11.02.2022"$"Russische Staatsbibliothek Moskau"$"https://d-nb.info/gnd/2125990-2"$"Moskau"$"https://d-nb.info/gnd/4074987-3"$"Russische Staatsbibliothek Moskau"$"https://d-nb.info/gnd/2125990-2"$"Moskau"$"https://d-nb.info/gnd/4074987-3"
"34"$"Fonds 183, Nr. 282"$""$"https://viewer.rsl.ru/ru/rsl01005394051"$""$"komplett"$"Original"$"Standard"$"Einzelseite"$""$"11.02.2022"$"Russische Staatsbibliothek Moskau"$"https://d-nb.info/gnd/2125990-2"$"Moskau"$"https://d-nb.info/gnd/4074987-3"$"Russische Staatsbibliothek Moskau"$"https://d-nb.info/gnd/2125990-2"$"Moskau"$"https://d-nb.info/gnd/4074987-3"
"35"$"Fonds 183, Nr. 2980"$""$"https://viewer.rsl.ru/ru/rsl01005489082"$""$"komplett"$"Original"$"Standard"$"Einzelseite"$""$"08.03.2022"$"Russische Staatsbibliothek Moskau"$"https://d-nb.info/gnd/2125990-2"$"Moskau"$"https://d-nb.info/gnd/4074987-3"$"Russische Staatsbibliothek Moskau"$"https://d-nb.info/gnd/2125990-2"$"Moskau"$"https://d-nb.info/gnd/4074987-3"
"36"$"Fonds 183, Nr. 3250"$""$"https://viewer.rsl.ru/ru/rsl01005490209"$""$"komplett"$"Original"$"Standard"$"Einzelseite"$""$"11.02.2022"$"Russische Staatsbibliothek Moskau"$"https://d-nb.info/gnd/2125990-2"$"Moskau"$"https://d-nb.info/gnd/4074987-3"$"Russische Staatsbibliothek Moskau"$"https://d-nb.info/gnd/2125990-2"$"Moskau"$"https://d-nb.info/gnd/4074987-3"
"37"$"Fonds 183, Nr. 3261"$""$"https://viewer.rsl.ru/ru/rsl01005491112"$""$"komplett"$"Original"$"Standard"$"Einzelseite"$""$"04.03.2022"$"Russische Staatsbibliothek Moskau"$"https://d-nb.info/gnd/2125990-2"$"Moskau"$"https://d-nb.info/gnd/4074987-3"$"Russische Staatsbibliothek Moskau"$"https://d-nb.info/gnd/2125990-2"$"Moskau"$"https://d-nb.info/gnd/4074987-3"
"38"$"Fonds 183, Nr. 3262"$""$"https://viewer.rsl.ru/ru/rsl01005491301"$""$"komplett"$"Original"$"Standard"$"Einzelseite"$""$"02.10.2021"$"Russische Staatsbibliothek Moskau"$"https://d-nb.info/gnd/2125990-2"$"Moskau"$"https://d-nb.info/gnd/4074987-3"$"Russische Staatsbibliothek Moskau"$"https://d-nb.info/gnd/2125990-2"$"Moskau"$"https://d-nb.info/gnd/4074987-3"
"39"$"Fonds 183, Nr. 3410"$""$"https://viewer.rsl.ru/ru/rsl01010980211"$""$"komplett"$"Original"$"Standard"$"Einzelseite"$""$"14.11.2022"$"Russische Staatsbibliothek Moskau"$"https://d-nb.info/gnd/2125990-2"$"Moskau"$"https://d-nb.info/gnd/4074987-3"$"Russische Staatsbibliothek Moskau"$"https://d-nb.info/gnd/2125990-2"$"Moskau"$"https://d-nb.info/gnd/4074987-3"
"40"$"Fonds 183, Nr. 355"$""$"https://viewer.rsl.ru/ru/rsl01005395493"$""$"komplett"$"Original"$"Standard"$"Einzelseite"$""$"02.10.2021"$"Russische Staatsbibliothek Moskau"$"https://d-nb.info/gnd/2125990-2"$"Moskau"$"https://d-nb.info/gnd/4074987-3"$"Russische Staatsbibliothek Moskau"$"https://d-nb.info/gnd/2125990-2"$"Moskau"$"https://d-nb.info/gnd/4074987-3"
"41"$"Fonds 183, Nr. 356"$""$"https://viewer.rsl.ru/ru/rsl01005395584"$""$"komplett"$"Original"$"Standard"$"Einzelseite"$""$"02.10.2021"$"Russische Staatsbibliothek Moskau"$"https://d-nb.info/gnd/2125990-2"$"Moskau"$"https://d-nb.info/gnd/4074987-3"$"Russische Staatsbibliothek Moskau"$"https://d-nb.info/gnd/2125990-2"$"Moskau"$"https://d-nb.info/gnd/4074987-3"
"42"$"Fonds 183, Nr. 357"$""$"https://viewer.rsl.ru/ru/rsl01005395572"$""$"komplett"$"Original"$"Standard"$"Einzelseite"$""$"02.10.2021"$"Russische Staatsbibliothek Moskau"$"https://d-nb.info/gnd/2125990-2"$"Moskau"$"https://d-nb.info/gnd/4074987-3"$"Russische Staatsbibliothek Moskau"$"https://d-nb.info/gnd/2125990-2"$"Moskau"$"https://d-nb.info/gnd/4074987-3"
"43"$"Fonds 183, Nr. 368"$""$"https://viewer.rsl.ru/en/rsl01005396930"$""$"komplett"$"Original"$"Standard"$"Einzelseite"$""$"02.10.2021"$"Russische Staatsbibliothek Moskau"$"https://d-nb.info/gnd/2125990-2"$"Moskau"$"https://d-nb.info/gnd/4074987-3"$"Russische Staatsbibliothek Moskau"$"https://d-nb.info/gnd/2125990-2"$"Moskau"$"https://d-nb.info/gnd/4074987-3"
"44"$"Fonds 183, Nr. 433"$""$"https://viewer.rsl.ru/ru/rsl01005399086"$""$"komplett"$"Original"$"Standard"$"Einzelseite"$""$"02.10.2021"$"Russische Staatsbibliothek Moskau"$"https://d-nb.info/gnd/2125990-2"$"Moskau"$"https://d-nb.info/gnd/4074987-3"$"Russische Staatsbibliothek Moskau"$"https://d-nb.info/gnd/2125990-2"$"Moskau"$"https://d-nb.info/gnd/4074987-3"
"45"$"Fonds 183, Nr. 446"$""$"https://viewer.rsl.ru/ru/rsl01005399204"$""$"komplett"$"Original"$"Standard"$"Einzelseite"$""$"02.10.2021"$"Russische Staatsbibliothek Moskau"$"https://d-nb.info/gnd/2125990-2"$"Moskau"$"https://d-nb.info/gnd/4074987-3"$"Russische Staatsbibliothek Moskau"$"https://d-nb.info/gnd/2125990-2"$"Moskau"$"https://d-nb.info/gnd/4074987-3"
"46"$"Fonds 183, Nr. 447"$""$"https://viewer.rsl.ru/ru/rsl01005399518"$""$"komplett"$"Original"$"Standard"$"Einzelseite"$""$"02.10.2021"$"Russische Staatsbibliothek Moskau"$"https://d-nb.info/gnd/2125990-2"$"Moskau"$"https://d-nb.info/gnd/4074987-3"$"Russische Staatsbibliothek Moskau"$"https://d-nb.info/gnd/2125990-2"$"Moskau"$"https://d-nb.info/gnd/4074987-3"
"47"$"Fonds 183, Nr. 451"$""$"https://viewer.rsl.ru/ru/rsl01005399598"$""$"komplett"$"Original"$"Standard"$"Einzelseite"$""$"02.10.2021"$"Russische Staatsbibliothek Moskau"$"https://d-nb.info/gnd/2125990-2"$"Moskau"$"https://d-nb.info/gnd/4074987-3"$"Russische Staatsbibliothek Moskau"$"https://d-nb.info/gnd/2125990-2"$"Moskau"$"https://d-nb.info/gnd/4074987-3"
"48"$"Fonds 183, Nr. 452"$""$"https://viewer.rsl.ru/ru/rsl01005399698"$""$"komplett"$"Original"$"Standard"$"Einzelseite"$""$"02.10.2021"$"Russische Staatsbibliothek Moskau"$"https://d-nb.info/gnd/2125990-2"$"Moskau"$"https://d-nb.info/gnd/4074987-3"$"Russische Staatsbibliothek Moskau"$"https://d-nb.info/gnd/2125990-2"$"Moskau"$"https://d-nb.info/gnd/4074987-3"
"49"$"Fonds 183, Nr. 453"$""$"https://viewer.rsl.ru/ru/rsl01005399430"$""$"komplett"$"Original"$"Standard"$"Einzelseite"$""$"19.02.2022"$"Russische Staatsbibliothek Moskau"$"https://d-nb.info/gnd/2125990-2"$"Moskau"$"https://d-nb.info/gnd/4074987-3"$"Russische Staatsbibliothek Moskau"$"https://d-nb.info/gnd/2125990-2"$"Moskau"$"https://d-nb.info/gnd/4074987-3"
"50"$"Fonds 183, Nr. 456"$""$"https://viewer.rsl.ru/ru/rsl01005399823"$""$"komplett"$"Original"$"Standard"$"Einzelseite"$""$"02.10.2021"$"Russische Staatsbibliothek Moskau"$"https://d-nb.info/gnd/2125990-2"$"Moskau"$"https://d-nb.info/gnd/4074987-3"$"Russische Staatsbibliothek Moskau"$"https://d-nb.info/gnd/2125990-2"$"Moskau"$"https://d-nb.info/gnd/4074987-3"
"51"$"Fonds 183, Nr. 846"$""$"https://viewer.rsl.ru/ru/rsl01005402266"$""$"komplett"$"Original"$"Standard"$"Einzelseite"$""$"11.02.2022"$"Russische Staatsbibliothek Moskau"$"https://d-nb.info/gnd/2125990-2"$"Moskau"$"https://d-nb.info/gnd/4074987-3"$"Russische Staatsbibliothek Moskau"$"https://d-nb.info/gnd/2125990-2"$"Moskau"$"https://d-nb.info/gnd/4074987-3"
"52"$"Fonds 183, Nr. 849"$""$"https://viewer.rsl.ru/ru/rsl01005402507"$""$"komplett"$"Original"$"Standard"$"Einzelseite"$""$"02.10.2021"$"Russische Staatsbibliothek Moskau"$"https://d-nb.info/gnd/2125990-2"$"Moskau"$"https://d-nb.info/gnd/4074987-3"$"Russische Staatsbibliothek Moskau"$"https://d-nb.info/gnd/2125990-2"$"Moskau"$"https://d-nb.info/gnd/4074987-3"
"53"$"Fonds 183, Nr. 903"$""$"https://viewer.rsl.ru/ru/rsl01005405645"$""$"komplett"$"Original"$"Standard"$"Einzelseite"$""$"02.10.2021"$"Russische Staatsbibliothek Moskau"$"https://d-nb.info/gnd/2125990-2"$"Moskau"$"https://d-nb.info/gnd/4074987-3"$"Russische Staatsbibliothek Moskau"$"https://d-nb.info/gnd/2125990-2"$"Moskau"$"https://d-nb.info/gnd/4074987-3"
"54"$"Fonds 183, Nr. 904"$""$"https://viewer.rsl.ru/ru/rsl01005405681"$""$"komplett"$"Original"$"Standard"$"Einzelseite"$""$"19.02.2022"$"Russische Staatsbibliothek Moskau"$"https://d-nb.info/gnd/2125990-2"$"Moskau"$"https://d-nb.info/gnd/4074987-3"$"Russische Staatsbibliothek Moskau"$"https://d-nb.info/gnd/2125990-2"$"Moskau"$"https://d-nb.info/gnd/4074987-3"
"55"$"Fonds 183, Nr. 919"$""$"https://viewer.rsl.ru/ru/rsl01005406648"$""$"komplett"$"Original"$"Standard"$"Einzelseite"$""$"02.10.2021"$"Russische Staatsbibliothek Moskau"$"https://d-nb.info/gnd/2125990-2"$"Moskau"$"https://d-nb.info/gnd/4074987-3"$"Russische Staatsbibliothek Moskau"$"https://d-nb.info/gnd/2125990-2"$"Moskau"$"https://d-nb.info/gnd/4074987-3"
"56"$"Fonds 183, Nr. 923, Bd. 1"$""$"https://viewer.rsl.ru/ru/rsl01005408084"$""$"komplett"$"Original"$"Standard"$"Einzelseite"$""$"02.10.2021"$"Russische Staatsbibliothek Moskau"$"https://d-nb.info/gnd/2125990-2"$"Moskau"$"https://d-nb.info/gnd/4074987-3"$"Russische Staatsbibliothek Moskau"$"https://d-nb.info/gnd/2125990-2"$"Moskau"$"https://d-nb.info/gnd/4074987-3"
"57"$"Fonds 183, Nr. 923, Bd. 2"$""$"https://viewer.rsl.ru/ru/rsl01005408128"$""$"komplett"$"Original"$"Standard"$"Einzelseite"$""$"02.10.2021"$"Russische Staatsbibliothek Moskau"$"https://d-nb.info/gnd/2125990-2"$"Moskau"$"https://d-nb.info/gnd/4074987-3"$"Russische Staatsbibliothek Moskau"$"https://d-nb.info/gnd/2125990-2"$"Moskau"$"https://d-nb.info/gnd/4074987-3"
"58"$"Fonds 183, Nr. 926"$""$"https://viewer.rsl.ru/ru/rsl01005408366"$""$"komplett"$"Original"$"Standard"$"Einzelseite"$""$"04.03.2022"$"Russische Staatsbibliothek Moskau"$"https://d-nb.info/gnd/2125990-2"$"Moskau"$"https://d-nb.info/gnd/4074987-3"$"Russische Staatsbibliothek Moskau"$"https://d-nb.info/gnd/2125990-2"$"Moskau"$"https://d-nb.info/gnd/4074987-3"
"59"$"Fonds 183, Nr. 929"$""$"https://viewer.rsl.ru/ru/rsl01005408727"$""$"komplett"$"Original"$"Standard"$"Einzelseite"$""$"04.03.2022"$"Russische Staatsbibliothek Moskau"$"https://d-nb.info/gnd/2125990-2"$"Moskau"$"https://d-nb.info/gnd/4074987-3"$"Russische Staatsbibliothek Moskau"$"https://d-nb.info/gnd/2125990-2"$"Moskau"$"https://d-nb.info/gnd/4074987-3"
"60"$"Fonds 183, Nr. 930"$""$"https://viewer.rsl.ru/ru/rsl01005409085"$""$"komplett"$"Original"$"Standard"$"Einzelseite"$""$"02.10.2021"$"Russische Staatsbibliothek Moskau"$"https://d-nb.info/gnd/2125990-2"$"Moskau"$"https://d-nb.info/gnd/4074987-3"$"Russische Staatsbibliothek Moskau"$"https://d-nb.info/gnd/2125990-2"$"Moskau"$"https://d-nb.info/gnd/4074987-3"
"61"$"Fonds 183, Nr. 938"$""$"https://viewer.rsl.ru/ru/rsl01005409633"$""$"komplett"$"Original"$"Standard"$"Einzelseite"$""$"02.10.2021"$"Russische Staatsbibliothek Moskau"$"https://d-nb.info/gnd/2125990-2"$"Moskau"$"https://d-nb.info/gnd/4074987-3"$"Russische Staatsbibliothek Moskau"$"https://d-nb.info/gnd/2125990-2"$"Moskau"$"https://d-nb.info/gnd/4074987-3"
"62"$"Fonds 183, Nr. 948"$""$"https://viewer.rsl.ru/ru/rsl01005410139"$""$"komplett"$"Original"$"Standard"$"Einzelseite"$""$"19.02.2022"$"Russische Staatsbibliothek Moskau"$"https://d-nb.info/gnd/2125990-2"$"Moskau"$"https://d-nb.info/gnd/4074987-3"$"Russische Staatsbibliothek Moskau"$"https://d-nb.info/gnd/2125990-2"$"Moskau"$"https://d-nb.info/gnd/4074987-3"
"63"$"Fonds 183, Nr. 952"$""$"https://viewer.rsl.ru/ru/rsl01005410833"$""$"komplett"$"Original"$"Standard"$"Einzelseite"$""$"19.02.2022"$"Russische Staatsbibliothek Moskau"$"https://d-nb.info/gnd/2125990-2"$"Moskau"$"https://d-nb.info/gnd/4074987-3"$"Russische Staatsbibliothek Moskau"$"https://d-nb.info/gnd/2125990-2"$"Moskau"$"https://d-nb.info/gnd/4074987-3"
"64"$"Fonds 183, Nr. 960"$""$"https://viewer.rsl.ru/ru/rsl01005410979"$""$"komplett"$"Original"$"Standard"$"Einzelseite"$""$"02.10.2021"$"Russische Staatsbibliothek Moskau"$"https://d-nb.info/gnd/2125990-2"$"Moskau"$"https://d-nb.info/gnd/4074987-3"$"Russische Staatsbibliothek Moskau"$"https://d-nb.info/gnd/2125990-2"$"Moskau"$"https://d-nb.info/gnd/4074987-3"
"65"$"Fonds 183, Nr. 984"$""$"https://viewer.rsl.ru/ru/rsl01005412756"$""$"komplett"$"Original"$"Standard"$"Einzelseite"$""$"02.10.2021"$"Russische Staatsbibliothek Moskau"$"https://d-nb.info/gnd/2125990-2"$"Moskau"$"https://d-nb.info/gnd/4074987-3"$"Russische Staatsbibliothek Moskau"$"https://d-nb.info/gnd/2125990-2"$"Moskau"$"https://d-nb.info/gnd/4074987-3"
"66"$"Fonds 201, Nr. 32"$""$"https://viewer.rsl.ru/ru/rsl01008958052"$""$"komplett"$"Original"$"Standard"$"Doppelseite"$""$"21.03.2022"$"Russische Staatsbibliothek Moskau"$"https://d-nb.info/gnd/2125990-2"$"Moskau"$"https://d-nb.info/gnd/4074987-3"$"Russische Staatsbibliothek Moskau"$"https://d-nb.info/gnd/2125990-2"$"Moskau"$"https://d-nb.info/gnd/4074987-3"
"67"$"Fonds 201, Nr. 33"$""$"https://viewer.rsl.ru/ru/rsl01008958705"$""$"komplett"$"Original"$"Standard"$"Doppelseite"$""$"21.03.2022"$"Russische Staatsbibliothek Moskau"$"https://d-nb.info/gnd/2125990-2"$"Moskau"$"https://d-nb.info/gnd/4074987-3"$"Russische Staatsbibliothek Moskau"$"https://d-nb.info/gnd/2125990-2"$"Moskau"$"https://d-nb.info/gnd/4074987-3"
"68"$"Fonds 201, Nr. 34"$""$"https://viewer.rsl.ru/ru/rsl01008958797"$""$"komplett"$"Original"$"Standard"$"Doppelseite"$""$"21.03.2022"$"Russische Staatsbibliothek Moskau"$"https://d-nb.info/gnd/2125990-2"$"Moskau"$"https://d-nb.info/gnd/4074987-3"$"Russische Staatsbibliothek Moskau"$"https://d-nb.info/gnd/2125990-2"$"Moskau"$"https://d-nb.info/gnd/4074987-3"
"69"$"Fonds 201, Nr. 35"$""$"https://viewer.rsl.ru/ru/rsl01008959423"$""$"komplett"$"Original"$"Standard"$"Doppelseite"$""$"21.03.2022"$"Russische Staatsbibliothek Moskau"$"https://d-nb.info/gnd/2125990-2"$"Moskau"$"https://d-nb.info/gnd/4074987-3"$"Russische Staatsbibliothek Moskau"$"https://d-nb.info/gnd/2125990-2"$"Moskau"$"https://d-nb.info/gnd/4074987-3"
"70"$"Fonds 201, Nr. 36"$""$"https://viewer.rsl.ru/ru/rsl01008959539"$""$"komplett"$"Original"$"Standard"$"Doppelseite"$""$"21.03.2022"$"Russische Staatsbibliothek Moskau"$"https://d-nb.info/gnd/2125990-2"$"Moskau"$"https://d-nb.info/gnd/4074987-3"$"Russische Staatsbibliothek Moskau"$"https://d-nb.info/gnd/2125990-2"$"Moskau"$"https://d-nb.info/gnd/4074987-3"
"71"$"Fonds 201, Nr. 48.22"$""$"https://viewer.rsl.ru/ru/rsl01008999935"$""$"komplett"$"Original"$"Standard"$"Einzelseite"$""$"21.03.2022"$"Russische Staatsbibliothek Moskau"$"https://d-nb.info/gnd/2125990-2"$"Moskau"$"https://d-nb.info/gnd/4074987-3"$"Russische Staatsbibliothek Moskau"$"https://d-nb.info/gnd/2125990-2"$"Moskau"$"https://d-nb.info/gnd/4074987-3"
"72"$"Fonds 201, Nr. 48.36"$""$"https://viewer.rsl.ru/ru/rsl01009366638"$""$"komplett"$"Original"$"Standard"$"Doppelseite"$""$"21.03.2022"$"Russische Staatsbibliothek Moskau"$"https://d-nb.info/gnd/2125990-2"$"Moskau"$"https://d-nb.info/gnd/4074987-3"$"Russische Staatsbibliothek Moskau"$"https://d-nb.info/gnd/2125990-2"$"Moskau"$"https://d-nb.info/gnd/4074987-3"
"73"$"Fonds 201, Nr. 63.1"$""$"https://viewer.rsl.ru/ru/rsl01009385462"$""$"komplett"$"Original"$"Standard"$"Einzelseite"$""$"21.03.2022"$"Russische Staatsbibliothek Moskau"$"https://d-nb.info/gnd/2125990-2"$"Moskau"$"https://d-nb.info/gnd/4074987-3"$"Russische Staatsbibliothek Moskau"$"https://d-nb.info/gnd/2125990-2"$"Moskau"$"https://d-nb.info/gnd/4074987-3"
"74"$"Fonds 218, Nr. 280"$""$"https://viewer.rsl.ru/ru/rsl01012510114"$""$"komplett"$"Original"$"Standard"$"Einzelseite"$""$"03.09.2024"$"Russische Staatsbibliothek Moskau"$"https://d-nb.info/gnd/2125990-2"$"Moskau"$"https://d-nb.info/gnd/4074987-3"$"Russische Staatsbibliothek Moskau"$"https://d-nb.info/gnd/2125990-2"$"Moskau"$"https://d-nb.info/gnd/4074987-3"
"75"$"Fonds 218, Nr. 388"$""$"https://viewer.rsl.ru/ru/rsl01012510701"$""$"komplett"$"Original"$"Standard"$"Einzelseite"$""$"05.09.2024"$"Russische Staatsbibliothek Moskau"$"https://d-nb.info/gnd/2125990-2"$"Moskau"$"https://d-nb.info/gnd/4074987-3"$"Russische Staatsbibliothek Moskau"$"https://d-nb.info/gnd/2125990-2"$"Moskau"$"https://d-nb.info/gnd/4074987-3"
"76"$"Fonds 218, Nr. 389"$""$"https://viewer.rsl.ru/ru/rsl01012510772"$""$"komplett"$"Original"$"Standard"$"Einzelseite"$""$"03.09.2024"$"Russische Staatsbibliothek Moskau"$"https://d-nb.info/gnd/2125990-2"$"Moskau"$"https://d-nb.info/gnd/4074987-3"$"Russische Staatsbibliothek Moskau"$"https://d-nb.info/gnd/2125990-2"$"Moskau"$"https://d-nb.info/gnd/4074987-3"
"77"$"Fonds 218, Nr. 523"$""$"https://viewer.rsl.ru/ru/rsl01012533009"$""$"komplett"$"Original"$"Standard"$"Einzelseite"$""$"25.03.2024"$"Russische Staatsbibliothek Moskau"$"https://d-nb.info/gnd/2125990-2"$"Moskau"$"https://d-nb.info/gnd/4074987-3"$"Russische Staatsbibliothek Moskau"$"https://d-nb.info/gnd/2125990-2"$"Moskau"$"https://d-nb.info/gnd/4074987-3"
"78"$"Fonds 218, Nr. 961"$""$"https://viewer.rsl.ru/ru/rsl01010422489"$""$"komplett"$"Original"$"Standard"$"Einzelseite"$""$"15.01.2021"$"Russische Staatsbibliothek Moskau"$"https://d-nb.info/gnd/2125990-2"$"Moskau"$"https://d-nb.info/gnd/4074987-3"$"Russische Staatsbibliothek Moskau"$"https://d-nb.info/gnd/2125990-2"$"Moskau"$"https://d-nb.info/gnd/4074987-3"
"79"$"Fonds 218, Nr. 964"$""$"https://viewer.rsl.ru/ru/rsl01010424076"$""$"komplett"$"Original"$"Standard"$"Einzelseite"$""$"11.01.2021"$"Russische Staatsbibliothek Moskau"$"https://d-nb.info/gnd/2125990-2"$"Moskau"$"https://d-nb.info/gnd/4074987-3"$"Russische Staatsbibliothek Moskau"$"https://d-nb.info/gnd/2125990-2"$"Moskau"$"https://d-nb.info/gnd/4074987-3"
"80"$"Fonds 218, Nr. 967"$""$"https://viewer.rsl.ru/ru/rsl01010424120"$""$"komplett"$"Original"$"Standard"$"Einzelseite"$""$"19.01.2021"$"Russische Staatsbibliothek Moskau"$"https://d-nb.info/gnd/2125990-2"$"Moskau"$"https://d-nb.info/gnd/4074987-3"$"Russische Staatsbibliothek Moskau"$"https://d-nb.info/gnd/2125990-2"$"Moskau"$"https://d-nb.info/gnd/4074987-3"
"81"$"Fonds 219, Karton 126"$""$"https://viewer.rsl.ru/ru/rsl01012508767"$""$"komplett"$"Original"$"Standard"$"Einzelseite"$""$"30.08.2024"$"Russische Staatsbibliothek Moskau"$"https://d-nb.info/gnd/2125990-2"$"Moskau"$"https://d-nb.info/gnd/4074987-3"$"Russische Staatsbibliothek Moskau"$"https://d-nb.info/gnd/2125990-2"$"Moskau"$"https://d-nb.info/gnd/4074987-3"
"82"$"Fonds 256, Nr. 715"$""$"https://viewer.rsl.ru/ru/rsl01004590365"$""$"komplett"$"Original"$"Standard"$"Einzelseite"$""$"24.08.2023"$"Russische Staatsbibliothek Moskau"$"https://d-nb.info/gnd/2125990-2"$"Moskau"$"https://d-nb.info/gnd/4074987-3"$"Russische Staatsbibliothek Moskau"$"https://d-nb.info/gnd/2125990-2"$"Moskau"$"https://d-nb.info/gnd/4074987-3"
"83"$"Fonds 256, Nr. 716"$""$"https://viewer.rsl.ru/ru/rsl01004590453"$""$"komplett"$"Original"$"Standard"$"Einzelseite"$""$"22.08.2023"$"Russische Staatsbibliothek Moskau"$"https://d-nb.info/gnd/2125990-2"$"Moskau"$"https://d-nb.info/gnd/4074987-3"$"Russische Staatsbibliothek Moskau"$"https://d-nb.info/gnd/2125990-2"$"Moskau"$"https://d-nb.info/gnd/4074987-3"
"84"$"Fonds 256, Nr. 736"$""$"https://viewer.rsl.ru/ru/rsl01004593369"$""$"komplett"$"Original"$"Standard"$"Einzelseite"$""$"21.08.2023"$"Russische Staatsbibliothek Moskau"$"https://d-nb.info/gnd/2125990-2"$"Moskau"$"https://d-nb.info/gnd/4074987-3"$"Russische Staatsbibliothek Moskau"$"https://d-nb.info/gnd/2125990-2"$"Moskau"$"https://d-nb.info/gnd/4074987-3"
"85"$"Fonds 256, Nr. 745"$""$"https://viewer.rsl.ru/ru/rsl01004594349"$""$"komplett"$"Original"$"Standard"$"Einzelseite"$""$"21.08.2023"$"Russische Staatsbibliothek Moskau"$"https://d-nb.info/gnd/2125990-2"$"Moskau"$"https://d-nb.info/gnd/4074987-3"$"Russische Staatsbibliothek Moskau"$"https://d-nb.info/gnd/2125990-2"$"Moskau"$"https://d-nb.info/gnd/4074987-3"
"86"$"Fonds 256, Nr. 746"$""$"https://viewer.rsl.ru/ru/rsl01004593352"$""$"komplett"$"Original"$"Standard"$"Einzelseite"$""$"23.08.2023"$"Russische Staatsbibliothek Moskau"$"https://d-nb.info/gnd/2125990-2"$"Moskau"$"https://d-nb.info/gnd/4074987-3"$"Russische Staatsbibliothek Moskau"$"https://d-nb.info/gnd/2125990-2"$"Moskau"$"https://d-nb.info/gnd/4074987-3"
"87"$"Fonds 256, Nr. 747"$""$"https://viewer.rsl.ru/ru/rsl01004593483"$""$"komplett"$"Original"$"Standard"$"Einzelseite"$""$"28.08.2023"$"Russische Staatsbibliothek Moskau"$"https://d-nb.info/gnd/2125990-2"$"Moskau"$"https://d-nb.info/gnd/4074987-3"$"Russische Staatsbibliothek Moskau"$"https://d-nb.info/gnd/2125990-2"$"Moskau"$"https://d-nb.info/gnd/4074987-3"
"88"$"Fonds 256, Nr. 748"$""$"https://viewer.rsl.ru/ru/rsl01004593371"$""$"komplett"$"Original"$"Standard"$"Einzelseite"$""$"16.10.2023"$"Russische Staatsbibliothek Moskau"$"https://d-nb.info/gnd/2125990-2"$"Moskau"$"https://d-nb.info/gnd/4074987-3"$"Russische Staatsbibliothek Moskau"$"https://d-nb.info/gnd/2125990-2"$"Moskau"$"https://d-nb.info/gnd/4074987-3"
"89"$"Fonds 256, Nr. 755"$""$"https://viewer.rsl.ru/ru/rsl01004594358"$""$"komplett"$"Original"$"Standard"$"Einzelseite"$""$"28.08.2023"$"Russische Staatsbibliothek Moskau"$"https://d-nb.info/gnd/2125990-2"$"Moskau"$"https://d-nb.info/gnd/4074987-3"$"Russische Staatsbibliothek Moskau"$"https://d-nb.info/gnd/2125990-2"$"Moskau"$"https://d-nb.info/gnd/4074987-3"
"90"$"Fonds 256, Nr. 756"$""$"https://viewer.rsl.ru/ru/rsl01004593285"$""$"komplett"$"Original"$"Standard"$"Einzelseite"$""$"04.09.2023"$"Russische Staatsbibliothek Moskau"$"https://d-nb.info/gnd/2125990-2"$"Moskau"$"https://d-nb.info/gnd/4074987-3"$"Russische Staatsbibliothek Moskau"$"https://d-nb.info/gnd/2125990-2"$"Moskau"$"https://d-nb.info/gnd/4074987-3"
"91"$"Fonds 256, Nr. 793"$""$"https://viewer.rsl.ru/ru/rsl01004595885"$""$"komplett"$"Original"$"Standard"$"Einzelseite"$""$"24.08.2023"$"Russische Staatsbibliothek Moskau"$"https://d-nb.info/gnd/2125990-2"$"Moskau"$"https://d-nb.info/gnd/4074987-3"$"Russische Staatsbibliothek Moskau"$"https://d-nb.info/gnd/2125990-2"$"Moskau"$"https://d-nb.info/gnd/4074987-3"
"92"$"Fonds 256, Nr. 816"$""$"https://viewer.rsl.ru/ru/rsl01004597075"$""$"komplett"$"Original"$"Standard"$"Einzelseite"$""$"24.10.2023"$"Russische Staatsbibliothek Moskau"$"https://d-nb.info/gnd/2125990-2"$"Moskau"$"https://d-nb.info/gnd/4074987-3"$"Russische Staatsbibliothek Moskau"$"https://d-nb.info/gnd/2125990-2"$"Moskau"$"https://d-nb.info/gnd/4074987-3"
"93"$"Fonds 256, Nr. 817"$""$"https://viewer.rsl.ru/ru/rsl01004597108"$""$"komplett"$"Original"$"Standard"$"Einzelseite"$""$"23.08.2023"$"Russische Staatsbibliothek Moskau"$"https://d-nb.info/gnd/2125990-2"$"Moskau"$"https://d-nb.info/gnd/4074987-3"$"Russische Staatsbibliothek Moskau"$"https://d-nb.info/gnd/2125990-2"$"Moskau"$"https://d-nb.info/gnd/4074987-3"
"94"$"Fonds 256, Nr. 818"$""$"https://viewer.rsl.ru/ru/rsl01004597113"$""$"komplett"$"Original"$"Standard"$"Einzelseite"$""$"28.08.2023"$"Russische Staatsbibliothek Moskau"$"https://d-nb.info/gnd/2125990-2"$"Moskau"$"https://d-nb.info/gnd/4074987-3"$"Russische Staatsbibliothek Moskau"$"https://d-nb.info/gnd/2125990-2"$"Moskau"$"https://d-nb.info/gnd/4074987-3"
"95"$"Fonds 256, Nr. 823"$""$"https://viewer.rsl.ru/ru/rsl01004598428"$""$"komplett"$"Original"$"Standard"$"Einzelseite"$""$"28.08.2023"$"Russische Staatsbibliothek Moskau"$"https://d-nb.info/gnd/2125990-2"$"Moskau"$"https://d-nb.info/gnd/4074987-3"$"Russische Staatsbibliothek Moskau"$"https://d-nb.info/gnd/2125990-2"$"Moskau"$"https://d-nb.info/gnd/4074987-3"
"96"$"Fonds 379, Nr. 121.3"$""$"https://viewer.rsl.ru/ru/rsl01007517497"$""$"komplett"$"Original"$"Standard"$"Einzelseite"$""$"13.08.2024"$"Russische Staatsbibliothek Moskau"$"https://d-nb.info/gnd/2125990-2"$"Moskau"$"https://d-nb.info/gnd/4074987-3"$"Russische Staatsbibliothek Moskau"$"https://d-nb.info/gnd/2125990-2"$"Moskau"$"https://d-nb.info/gnd/4074987-3"
"97"$"Fonds 68, Nr. 215"$""$"https://viewer.rsl.ru/ru/rsl01009500740"$""$"komplett"$"Original"$"Standard"$"Einzelseite"$""$"04.02.2022"$"Russische Staatsbibliothek Moskau"$"https://d-nb.info/gnd/2125990-2"$"Moskau"$"https://d-nb.info/gnd/4074987-3"$"Russische Staatsbibliothek Moskau"$"https://d-nb.info/gnd/2125990-2"$"Moskau"$"https://d-nb.info/gnd/4074987-3"
"98"$"Fonds 68, Nr. 388"$""$"https://viewer.rsl.ru/ru/rsl01012510701"$""$"komplett"$"Original"$"Standard"$"Einzelseite"$""$"05.09.2024"$"Russische Staatsbibliothek Moskau"$"https://d-nb.info/gnd/2125990-2"$"Moskau"$"https://d-nb.info/gnd/4074987-3"$"Russische Staatsbibliothek Moskau"$"https://d-nb.info/gnd/2125990-2"$"Moskau"$"https://d-nb.info/gnd/4074987-3"
"99"$"Fonds 68, Nr. 396"$""$"https://viewer.rsl.ru/ru/rsl01009600610"$""$"komplett"$"Original"$"Standard"$"Einzelseite"$""$"04.03.2022"$"Russische Staatsbibliothek Moskau"$"https://d-nb.info/gnd/2125990-2"$"Moskau"$"https://d-nb.info/gnd/4074987-3"$"Russische Staatsbibliothek Moskau"$"https://d-nb.info/gnd/2125990-2"$"Moskau"$"https://d-nb.info/gnd/4074987-3"
"100"$"Fonds 68, Nr. 417"$""$"https://viewer.rsl.ru/ru/rsl01009604782"$""$"komplett"$"Original"$"Standard"$"Einzelseite"$""$"25.02.2022"$"Russische Staatsbibliothek Moskau"$"https://d-nb.info/gnd/2125990-2"$"Moskau"$"https://d-nb.info/gnd/4074987-3"$"Russische Staatsbibliothek Moskau"$"https://d-nb.info/gnd/2125990-2"$"Moskau"$"https://d-nb.info/gnd/4074987-3"
"101"$"Fonds 68, Nr. 435"$""$"https://viewer.rsl.ru/ru/rsl01009622146"$""$"komplett"$"Original"$"Standard"$"Einzelseite"$""$"19.02.2022"$"Russische Staatsbibliothek Moskau"$"https://d-nb.info/gnd/2125990-2"$"Moskau"$"https://d-nb.info/gnd/4074987-3"$"Russische Staatsbibliothek Moskau"$"https://d-nb.info/gnd/2125990-2"$"Moskau"$"https://d-nb.info/gnd/4074987-3"
"102"$"Fonds 68, Nr. 436"$""$"https://viewer.rsl.ru/ru/rsl01009622184"$""$"komplett"$"Original"$"Standard"$"Einzelseite"$""$"25.02.2022"$"Russische Staatsbibliothek Moskau"$"https://d-nb.info/gnd/2125990-2"$"Moskau"$"https://d-nb.info/gnd/4074987-3"$"Russische Staatsbibliothek Moskau"$"https://d-nb.info/gnd/2125990-2"$"Moskau"$"https://d-nb.info/gnd/4074987-3"
"103"$"Fonds 68, Nr. 437"$""$"https://viewer.rsl.ru/ru/rsl01009624289"$""$"komplett"$"Original"$"Standard"$"Einzelseite"$""$"04.03.2022"$"Russische Staatsbibliothek Moskau"$"https://d-nb.info/gnd/2125990-2"$"Moskau"$"https://d-nb.info/gnd/4074987-3"$"Russische Staatsbibliothek Moskau"$"https://d-nb.info/gnd/2125990-2"$"Moskau"$"https://d-nb.info/gnd/4074987-3"
"104"$"Fonds 68, Nr. 438"$""$"https://viewer.rsl.ru/ru/rsl01009624355"$""$"komplett"$"Original"$"Standard"$"Einzelseite"$""$"25.02.2022"$"Russische Staatsbibliothek Moskau"$"https://d-nb.info/gnd/2125990-2"$"Moskau"$"https://d-nb.info/gnd/4074987-3"$"Russische Staatsbibliothek Moskau"$"https://d-nb.info/gnd/2125990-2"$"Moskau"$"https://d-nb.info/gnd/4074987-3"
"105"$"Fonds 68, Nr. 439"$""$"https://viewer.rsl.ru/ru/rsl01009624425"$""$"komplett"$"Original"$"Standard"$"Einzelseite"$""$"04.03.2022"$"Russische Staatsbibliothek Moskau"$"https://d-nb.info/gnd/2125990-2"$"Moskau"$"https://d-nb.info/gnd/4074987-3"$"Russische Staatsbibliothek Moskau"$"https://d-nb.info/gnd/2125990-2"$"Moskau"$"https://d-nb.info/gnd/4074987-3"
"106"$"Fonds 68, Nr. 440"$""$"https://viewer.rsl.ru/ru/rsl01009624741"$""$"komplett"$"Original"$"Standard"$"Einzelseite"$""$"04.03.2022"$"Russische Staatsbibliothek Moskau"$"https://d-nb.info/gnd/2125990-2"$"Moskau"$"https://d-nb.info/gnd/4074987-3"$"Russische Staatsbibliothek Moskau"$"https://d-nb.info/gnd/2125990-2"$"Moskau"$"https://d-nb.info/gnd/4074987-3"
"107"$"Fonds 68, Nr. 444"$""$"https://viewer.rsl.ru/ru/rsl01009625376"$""$"komplett"$"Original"$"Standard"$"Einzelseite"$""$"19.02.2022"$"Russische Staatsbibliothek Moskau"$"https://d-nb.info/gnd/2125990-2"$"Moskau"$"https://d-nb.info/gnd/4074987-3"$"Russische Staatsbibliothek Moskau"$"https://d-nb.info/gnd/2125990-2"$"Moskau"$"https://d-nb.info/gnd/4074987-3"
"108"$"Fonds 68, Nr. 445"$""$"https://viewer.rsl.ru/ru/rsl01009625485"$""$"komplett"$"Original"$"Standard"$"Einzelseite"$""$"04.03.2022"$"Russische Staatsbibliothek Moskau"$"https://d-nb.info/gnd/2125990-2"$"Moskau"$"https://d-nb.info/gnd/4074987-3"$"Russische Staatsbibliothek Moskau"$"https://d-nb.info/gnd/2125990-2"$"Moskau"$"https://d-nb.info/gnd/4074987-3"
"109"$"Fonds 68, Nr. 446"$""$"https://viewer.rsl.ru/ru/rsl01009625523"$""$"komplett"$"Original"$"Standard"$"Einzelseite"$""$"04.03.2022"$"Russische Staatsbibliothek Moskau"$"https://d-nb.info/gnd/2125990-2"$"Moskau"$"https://d-nb.info/gnd/4074987-3"$"Russische Staatsbibliothek Moskau"$"https://d-nb.info/gnd/2125990-2"$"Moskau"$"https://d-nb.info/gnd/4074987-3"
"110"$"Fonds 68, Nr. 447"$""$"https://viewer.rsl.ru/ru/rsl01009626439"$""$"komplett"$"Original"$"Standard"$"Einzelseite"$""$"19.02.2022"$"Russische Staatsbibliothek Moskau"$"https://d-nb.info/gnd/2125990-2"$"Moskau"$"https://d-nb.info/gnd/4074987-3"$"Russische Staatsbibliothek Moskau"$"https://d-nb.info/gnd/2125990-2"$"Moskau"$"https://d-nb.info/gnd/4074987-3"
"111"$"Fonds 68, Nr. 448"$""$"https://viewer.rsl.ru/ru/rsl01009626501"$""$"komplett"$"Original"$"Standard"$"Einzelseite"$""$"11.02.2022"$"Russische Staatsbibliothek Moskau"$"https://d-nb.info/gnd/2125990-2"$"Moskau"$"https://d-nb.info/gnd/4074987-3"$"Russische Staatsbibliothek Moskau"$"https://d-nb.info/gnd/2125990-2"$"Moskau"$"https://d-nb.info/gnd/4074987-3"
"112"$"Fonds 68, Nr. 449"$""$"https://viewer.rsl.ru/ru/rsl01009626533"$""$"komplett"$"Original"$"Standard"$"Einzelseite"$""$"11.02.2022"$"Russische Staatsbibliothek Moskau"$"https://d-nb.info/gnd/2125990-2"$"Moskau"$"https://d-nb.info/gnd/4074987-3"$"Russische Staatsbibliothek Moskau"$"https://d-nb.info/gnd/2125990-2"$"Moskau"$"https://d-nb.info/gnd/4074987-3"
"113"$"Fonds 68, Nr. 450"$""$"https://viewer.rsl.ru/ru/rsl01009626561"$""$"komplett"$"Original"$"Standard"$"Einzelseite"$""$"19.02.2022"$"Russische Staatsbibliothek Moskau"$"https://d-nb.info/gnd/2125990-2"$"Moskau"$"https://d-nb.info/gnd/4074987-3"$"Russische Staatsbibliothek Moskau"$"https://d-nb.info/gnd/2125990-2"$"Moskau"$"https://d-nb.info/gnd/4074987-3"
"114"$"Fonds 722, Nr. 16"$""$"https://viewer.rsl.ru/en/rsl01003383968"$""$"komplett"$"Original"$"Standard"$"Doppelseite"$""$"07.11.2024"$"Russische Staatsbibliothek Moskau"$"https://d-nb.info/gnd/2125990-2"$"Moskau"$"https://d-nb.info/gnd/4074987-3"$"Russische Staatsbibliothek Moskau"$"https://d-nb.info/gnd/2125990-2"$"Moskau"$"https://d-nb.info/gnd/4074987-3"
"115"$"Fonds 722, Nr. 229"$""$"https://viewer.rsl.ru/en/rsl01003391766"$""$"komplett"$"Original"$"Standard"$"Doppelseite"$""$"07.11.2024"$"Russische Staatsbibliothek Moskau"$"https://d-nb.info/gnd/2125990-2"$"Moskau"$"https://d-nb.info/gnd/4074987-3"$"Russische Staatsbibliothek Moskau"$"https://d-nb.info/gnd/2125990-2"$"Moskau"$"https://d-nb.info/gnd/4074987-3"
"116"$"Fonds 722, Nr. 304"$""$"https://viewer.rsl.ru/en/rsl01003394875"$""$"komplett"$"Original"$"Standard"$"Einzelseite"$""$"07.11.2024"$"Russische Staatsbibliothek Moskau"$"https://d-nb.info/gnd/2125990-2"$"Moskau"$"https://d-nb.info/gnd/4074987-3"$"Russische Staatsbibliothek Moskau"$"https://d-nb.info/gnd/2125990-2"$"Moskau"$"https://d-nb.info/gnd/4074987-3"
"117"$"Fonds 722, Nr. 460"$""$"https://viewer.rsl.ru/en/rsl01003502195"$""$"komplett"$"Original"$"Standard"$"Doppelseite"$""$"18.11.2024"$"Russische Staatsbibliothek Moskau"$"https://d-nb.info/gnd/2125990-2"$"Moskau"$"https://d-nb.info/gnd/4074987-3"$"Russische Staatsbibliothek Moskau"$"https://d-nb.info/gnd/2125990-2"$"Moskau"$"https://d-nb.info/gnd/4074987-3"
"118"$"Fonds 722, Nr. 482"$""$"https://viewer.rsl.ru/en/rsl01003539819"$""$"komplett"$"Original"$"Standard"$"Doppelseite"$""$"18.11.2024"$"Russische Staatsbibliothek Moskau"$"https://d-nb.info/gnd/2125990-2"$"Moskau"$"https://d-nb.info/gnd/4074987-3"$"Russische Staatsbibliothek Moskau"$"https://d-nb.info/gnd/2125990-2"$"Moskau"$"https://d-nb.info/gnd/4074987-3"
"119"$"Fonds 722, Nr. 483"$""$"https://viewer.rsl.ru/en/rsl01003539823"$""$"komplett"$"Original"$"Standard"$"Doppelseite"$""$"18.11.2024"$"Russische Staatsbibliothek Moskau"$"https://d-nb.info/gnd/2125990-2"$"Moskau"$"https://d-nb.info/gnd/4074987-3"$"Russische Staatsbibliothek Moskau"$"https://d-nb.info/gnd/2125990-2"$"Moskau"$"https://d-nb.info/gnd/4074987-3"
"120"$"Fonds 722, Nr. 558"$""$"https://viewer.rsl.ru/ru/rsl01003819293"$""$"komplett"$"Original"$"Standard"$"Doppelseite"$""$"18.11.2024"$"Russische Staatsbibliothek Moskau"$"https://d-nb.info/gnd/2125990-2"$"Moskau"$"https://d-nb.info/gnd/4074987-3"$"Russische Staatsbibliothek Moskau"$"https://d-nb.info/gnd/2125990-2"$"Moskau"$"https://d-nb.info/gnd/4074987-3"
"121"$"Fonds 722, Nr. 608"$""$"https://viewer.rsl.ru/en/rsl01003323148"$""$"komplett"$"Original"$"Standard"$"Doppelseite"$""$"29.10.2024"$"Russische Staatsbibliothek Moskau"$"https://d-nb.info/gnd/2125990-2"$"Moskau"$"https://d-nb.info/gnd/4074987-3"$"Russische Staatsbibliothek Moskau"$"https://d-nb.info/gnd/2125990-2"$"Moskau"$"https://d-nb.info/gnd/4074987-3"
"122"$"Fonds 722, Nr. 610"$""$"https://viewer.rsl.ru/ru/rsl01003323153"$""$"komplett"$"Original"$"Standard"$"Doppelseite"$""$"29.10.2024"$"Russische Staatsbibliothek Moskau"$"https://d-nb.info/gnd/2125990-2"$"Moskau"$"https://d-nb.info/gnd/4074987-3"$"Russische Staatsbibliothek Moskau"$"https://d-nb.info/gnd/2125990-2"$"Moskau"$"https://d-nb.info/gnd/4074987-3"
"123"$"Fonds 722, Nr. 626"$""$"https://viewer.rsl.ru/en/rsl01003189947"$""$"komplett"$"Original"$"Standard"$"Doppelseite"$""$"29.10.2024"$"Russische Staatsbibliothek Moskau"$"https://d-nb.info/gnd/2125990-2"$"Moskau"$"https://d-nb.info/gnd/4074987-3"$"Russische Staatsbibliothek Moskau"$"https://d-nb.info/gnd/2125990-2"$"Moskau"$"https://d-nb.info/gnd/4074987-3"
"124"$"Fonds 722, Nr. 654"$""$"https://viewer.rsl.ru/en/rsl01003332821"$""$"komplett"$"Original"$"Standard"$"Doppelseite"$""$"07.11.2024"$"Russische Staatsbibliothek Moskau"$"https://d-nb.info/gnd/2125990-2"$"Moskau"$"https://d-nb.info/gnd/4074987-3"$"Russische Staatsbibliothek Moskau"$"https://d-nb.info/gnd/2125990-2"$"Moskau"$"https://d-nb.info/gnd/4074987-3"
"125"$"Fonds 722, Nr. 734"$""$"https://viewer.rsl.ru/ru/rsl01003323160"$""$"komplett"$"Original"$"Standard"$"Einzelseite"$""$"22.11.2022"$"Russische Staatsbibliothek Moskau"$"https://d-nb.info/gnd/2125990-2"$"Moskau"$"https://d-nb.info/gnd/4074987-3"$"Russische Staatsbibliothek Moskau"$"https://d-nb.info/gnd/2125990-2"$"Moskau"$"https://d-nb.info/gnd/4074987-3"
"126"$"Fonds 722, Nr. 736"$""$"https://viewer.rsl.ru/ru/rsl01003323165"$""$"komplett"$"Original"$"Standard"$"Einzelseite"$""$"09.11.2022"$"Russische Staatsbibliothek Moskau"$"https://d-nb.info/gnd/2125990-2"$"Moskau"$"https://d-nb.info/gnd/4074987-3"$"Russische Staatsbibliothek Moskau"$"https://d-nb.info/gnd/2125990-2"$"Moskau"$"https://d-nb.info/gnd/4074987-3"
"127"$"Fonds 722, Nr. 870"$""$"https://viewer.rsl.ru/en/rsl01003381023"$""$"komplett"$"Original"$"Standard"$"Einzelseite"$""$"29.10.2024"$"Russische Staatsbibliothek Moskau"$"https://d-nb.info/gnd/2125990-2"$"Moskau"$"https://d-nb.info/gnd/4074987-3"$"Russische Staatsbibliothek Moskau"$"https://d-nb.info/gnd/2125990-2"$"Moskau"$"https://d-nb.info/gnd/4074987-3"
"128"$"L 180"$""$"https://viewer.rsl.ru/ru/rsl01010803346"$""$"komplett"$"Original"$"Standard"$"Einzelseite"$""$"21.09.2021"$"Russische Staatsbibliothek Moskau"$"https://d-nb.info/gnd/2125990-2"$"Moskau"$"https://d-nb.info/gnd/4074987-3"$"Russische Staatsbibliothek Moskau"$"https://d-nb.info/gnd/2125990-2"$"Moskau"$"https://d-nb.info/gnd/4074987-3"