"Annaberg-Buchholz (Erzgebirge)"$"4085813-3"$"Evangelisch-Lutherische Kirchgemeinde Annaberg-Buchholz, Kirchenbibliothek"$"1026301912"$"C 71, Rückenhinterklebung"
"Annaberg-Buchholz (Erzgebirge)"$"4085813-3"$"Evangelisch-Lutherische Kirchgemeinde Annaberg-Buchholz, Kirchenbibliothek"$"1026301912"$"C 160, Rückenhinterklebung"
"Annaberg-Buchholz (Erzgebirge)"$"4085813-3"$"Evangelisch-Lutherische Kirchgemeinde Annaberg-Buchholz, Kirchenbibliothek"$"1026301912"$"C 224, Ansetzfalz"
"Annaberg-Buchholz (Erzgebirge)"$"4085813-3"$"Evangelisch-Lutherische Kirchgemeinde Annaberg-Buchholz, Kirchenbibliothek"$"1026301912"$"C 227, Ansetzfalz"
"Annaberg-Buchholz (Erzgebirge)"$"4085813-3"$"Evangelisch-Lutherische Kirchgemeinde Annaberg-Buchholz, Kirchenbibliothek"$"1026301912"$"C 244, Ansetzfalz"
"Annaberg-Buchholz (Erzgebirge)"$"4085813-3"$"Evangelisch-Lutherische Kirchgemeinde Annaberg-Buchholz, Kirchenbibliothek"$"1026301912"$"C 289, Ansetzfalz"
"Annaberg-Buchholz (Erzgebirge)"$"4085813-3"$"Evangelisch-Lutherische Kirchgemeinde Annaberg-Buchholz, Kirchenbibliothek"$"1026301912"$"C 309, Flügelfalz"
"Annaberg-Buchholz (Erzgebirge)"$"4085813-3"$"Evangelisch-Lutherische Kirchgemeinde Annaberg-Buchholz, Kirchenbibliothek"$"1026301912"$"C 310, Ansetzfalz"
"Annaberg-Buchholz (Erzgebirge)"$"4085813-3"$"Evangelisch-Lutherische Kirchgemeinde Annaberg-Buchholz, Kirchenbibliothek"$"1026301912"$"C 316, Ansetzfalz"
"Annaberg-Buchholz (Erzgebirge)"$"4085813-3"$"Evangelisch-Lutherische Kirchgemeinde Annaberg-Buchholz, Kirchenbibliothek"$"1026301912"$"C 341, Ansetzfalz"
"Annaberg-Buchholz (Erzgebirge)"$"4085813-3"$"Evangelisch-Lutherische Kirchgemeinde Annaberg-Buchholz, Kirchenbibliothek"$"1026301912"$"C 358, Spiegel"
"Annaberg-Buchholz (Erzgebirge)"$"4085813-3"$"Evangelisch-Lutherische Kirchgemeinde Annaberg-Buchholz, Kirchenbibliothek"$"1026301912"$"C 368, Ansetzfalz"
"Annaberg-Buchholz (Erzgebirge)"$"4085813-3"$"Evangelisch-Lutherische Kirchgemeinde Annaberg-Buchholz, Kirchenbibliothek"$"1026301912"$"C 371, Ansetzfalz"
"Annaberg-Buchholz (Erzgebirge)"$"4085813-3"$"Evangelisch-Lutherische Kirchgemeinde Annaberg-Buchholz, Kirchenbibliothek"$"1026301912"$"C 385, fliegendes Blatt vorn"
"Annaberg-Buchholz (Erzgebirge)"$"4085813-3"$"Evangelisch-Lutherische Kirchgemeinde Annaberg-Buchholz, Kirchenbibliothek"$"1026301912"$"C 407, Ansetzfalz"
"Annaberg-Buchholz (Erzgebirge)"$"4085813-3"$"Evangelisch-Lutherische Kirchgemeinde Annaberg-Buchholz, Kirchenbibliothek"$"1026301912"$"C 412, Flügelfalz"
"Annaberg-Buchholz (Erzgebirge)"$"4085813-3"$"Evangelisch-Lutherische Kirchgemeinde Annaberg-Buchholz, Kirchenbibliothek"$"1026301912"$"C 431, Ansetzfalz"
"Annaberg-Buchholz (Erzgebirge)"$"4085813-3"$"Evangelisch-Lutherische Kirchgemeinde Annaberg-Buchholz, Kirchenbibliothek"$"1026301912"$"C 433, Ansetzfalz"
"Annaberg-Buchholz (Erzgebirge)"$"4085813-3"$"Evangelisch-Lutherische Kirchgemeinde Annaberg-Buchholz, Kirchenbibliothek"$"1026301912"$"C 439, fliegendes Blatt vorn"
"Annaberg-Buchholz (Erzgebirge)"$"4085813-3"$"Evangelisch-Lutherische Kirchgemeinde Annaberg-Buchholz, Kirchenbibliothek"$"1026301912"$"C 439, fliegendes Blatt hinten"
"Annaberg-Buchholz (Erzgebirge)"$"4085813-3"$"Evangelisch-Lutherische Kirchgemeinde Annaberg-Buchholz, Kirchenbibliothek"$"1026301912"$"C 440, Spiegel"
"Annaberg-Buchholz (Erzgebirge)"$"4085813-3"$"Evangelisch-Lutherische Kirchgemeinde Annaberg-Buchholz, Kirchenbibliothek"$"1026301912"$"C 441, Lesezeichen"
"Annaberg-Buchholz (Erzgebirge)"$"4085813-3"$"Evangelisch-Lutherische Kirchgemeinde Annaberg-Buchholz, Kirchenbibliothek"$"1026301912"$"C 447, Einbandbezug"
"Annaberg-Buchholz (Erzgebirge)"$"4085813-3"$"Evangelisch-Lutherische Kirchgemeinde Annaberg-Buchholz, Kirchenbibliothek"$"1026301912"$"C 448, Ansetzfalz"
"Annaberg-Buchholz (Erzgebirge)"$"4085813-3"$"Evangelisch-Lutherische Kirchgemeinde Annaberg-Buchholz, Kirchenbibliothek"$"1026301912"$"C 462, Einbandbezug"
"Annaberg-Buchholz (Erzgebirge)"$"4085813-3"$"Evangelisch-Lutherische Kirchgemeinde Annaberg-Buchholz, Kirchenbibliothek"$"1026301912"$"C 467, Ansetzfalz"
"Annaberg-Buchholz (Erzgebirge)"$"4085813-3"$"Evangelisch-Lutherische Kirchgemeinde Annaberg-Buchholz, Kirchenbibliothek"$"1026301912"$"C 471, Spiegel vorn"
"Annaberg-Buchholz (Erzgebirge)"$"4085813-3"$"Evangelisch-Lutherische Kirchgemeinde Annaberg-Buchholz, Kirchenbibliothek"$"1026301912"$"C 594, Einbandbezug vorn"
"Annaberg-Buchholz (Erzgebirge)"$"4085813-3"$"Evangelisch-Lutherische Kirchgemeinde Annaberg-Buchholz, Kirchenbibliothek"$"1026301912"$"C 594, Einbandbezug hinten"
"Annaberg-Buchholz (Erzgebirge)"$"4085813-3"$"Evangelisch-Lutherische Kirchgemeinde Annaberg-Buchholz, Kirchenbibliothek"$"1026301912"$"C 750, Einbandbezug"
"Annaberg-Buchholz (Erzgebirge)"$"4085813-3"$"Evangelisch-Lutherische Kirchgemeinde Annaberg-Buchholz, Kirchenbibliothek"$"1026301912"$"C 757, Einbandbezug"
"Annaberg-Buchholz (Erzgebirge)"$"4085813-3"$"Evangelisch-Lutherische Kirchgemeinde Annaberg-Buchholz, Kirchenbibliothek"$"1026301912"$"C 768, Einbandbezug"
"Annaberg-Buchholz (Erzgebirge)"$"4085813-3"$"Evangelisch-Lutherische Kirchgemeinde Annaberg-Buchholz, Kirchenbibliothek"$"1026301912"$"C 781, Ansetzfalz"
"Annaberg-Buchholz (Erzgebirge)"$"4085813-3"$"Evangelisch-Lutherische Kirchgemeinde Annaberg-Buchholz, Kirchenbibliothek"$"1026301912"$"C 791, Ansetzfalz"
"Annaberg-Buchholz (Erzgebirge)"$"4085813-3"$"Evangelisch-Lutherische Kirchgemeinde Annaberg-Buchholz, Kirchenbibliothek"$"1026301912"$"C 806, Einbandbezug"
"Annaberg-Buchholz (Erzgebirge)"$"4085813-3"$"Evangelisch-Lutherische Kirchgemeinde Annaberg-Buchholz, Kirchenbibliothek"$"1026301912"$"C 815, Einbandbezug"
"Annaberg-Buchholz (Erzgebirge)"$"4085813-3"$"Evangelisch-Lutherische Kirchgemeinde Annaberg-Buchholz, Kirchenbibliothek"$"1026301912"$"C 824, Einbandbezug"
"Annaberg-Buchholz (Erzgebirge)"$"4085813-3"$"Evangelisch-Lutherische Kirchgemeinde Annaberg-Buchholz, Kirchenbibliothek"$"1026301912"$"C 855, Einbandbezug"
"Annaberg-Buchholz (Erzgebirge)"$"4085813-3"$"Evangelisch-Lutherische Kirchgemeinde Annaberg-Buchholz, Kirchenbibliothek"$"1026301912"$"C 862, Einbandbezug"
"Annaberg-Buchholz (Erzgebirge)"$"4085813-3"$"Evangelisch-Lutherische Kirchgemeinde Annaberg-Buchholz, Kirchenbibliothek"$"1026301912"$"C 866, Einbandbezug"
"Annaberg-Buchholz (Erzgebirge)"$"4085813-3"$"Evangelisch-Lutherische Kirchgemeinde Annaberg-Buchholz, Kirchenbibliothek"$"1026301912"$"C 867, Einbandbezug"
"Annaberg-Buchholz (Erzgebirge)"$"4085813-3"$"Evangelisch-Lutherische Kirchgemeinde Annaberg-Buchholz, Kirchenbibliothek"$"1026301912"$"C 886, Einbandbezug"
"Annaberg-Buchholz (Erzgebirge)"$"4085813-3"$"Evangelisch-Lutherische Kirchgemeinde Annaberg-Buchholz, Kirchenbibliothek"$"1026301912"$"C 937, Einbandbezug"
"Annaberg-Buchholz (Erzgebirge)"$"4085813-3"$"Evangelisch-Lutherische Kirchgemeinde Annaberg-Buchholz, Kirchenbibliothek"$"1026301912"$"C 995, Einbandbezug"
"Annaberg-Buchholz (Erzgebirge)"$"4085813-3"$"Evangelisch-Lutherische Kirchgemeinde Annaberg-Buchholz, Kirchenbibliothek"$"1026301912"$"C 996, Einbandbezug"
"Annaberg-Buchholz (Erzgebirge)"$"4085813-3"$"Evangelisch-Lutherische Kirchgemeinde Annaberg-Buchholz, Kirchenbibliothek"$"1026301912"$"C 1006, Ansetzfalz"
"Annaberg-Buchholz (Erzgebirge)"$"4085813-3"$"Evangelisch-Lutherische Kirchgemeinde Annaberg-Buchholz, Kirchenbibliothek"$"1026301912"$"C 1006, fliegendes Blatt"
"Annaberg-Buchholz (Erzgebirge)"$"4085813-3"$"Evangelisch-Lutherische Kirchgemeinde Annaberg-Buchholz, Kirchenbibliothek"$"1026301912"$"C 1015, Einbandbezug"
"Annaberg-Buchholz (Erzgebirge)"$"4085813-3"$"Evangelisch-Lutherische Kirchgemeinde Annaberg-Buchholz, Kirchenbibliothek"$"1026301912"$"C 1036, Einbandbezug"
"Annaberg-Buchholz (Erzgebirge)"$"4085813-3"$"Evangelisch-Lutherische Kirchgemeinde Annaberg-Buchholz, Kirchenbibliothek"$"1026301912"$"C 1036, Einband"
"Annaberg-Buchholz (Erzgebirge)"$"4085813-3"$"Evangelisch-Lutherische Kirchgemeinde Annaberg-Buchholz, Kirchenbibliothek"$"1026301912"$"C 1056, Einbandbezug"
"Annaberg-Buchholz (Erzgebirge)"$"4085813-3"$"Evangelisch-Lutherische Kirchgemeinde Annaberg-Buchholz, Kirchenbibliothek"$"1026301912"$"C 1066, Einbandbezug"
"Annaberg-Buchholz (Erzgebirge)"$"4085813-3"$"Evangelisch-Lutherische Kirchgemeinde Annaberg-Buchholz, Kirchenbibliothek"$"1026301912"$"C 1071, Einbandbezug"
"Annaberg-Buchholz (Erzgebirge)"$"4085813-3"$"Evangelisch-Lutherische Kirchgemeinde Annaberg-Buchholz, Kirchenbibliothek"$"1026301912"$"C 1083, Flügelfalz"
"Annaberg-Buchholz (Erzgebirge)"$"4085813-3"$"Evangelisch-Lutherische Kirchgemeinde Annaberg-Buchholz, Kirchenbibliothek"$"1026301912"$"C 1128, fliegendes Blatt"
"Annaberg-Buchholz (Erzgebirge)"$"4085813-3"$"Evangelisch-Lutherische Kirchgemeinde Annaberg-Buchholz, Kirchenbibliothek"$"1026301912"$"C 1144, Einband"